StockCode,Product,NetSales,NetUnits
22423,REGENCY CAKESTAND 3 TIER,164762.19,13022
47566,PARTY BUNTING,98302.98,18018
85123A,WHITE HANGING HEART T-LIGHT HOLDER,97894.5,35082
85099B,JUMBO BAG RED RETROSPOT,92356.03,47359
23084,RABBIT NIGHT LIGHT,66756.59,30680
22086,PAPER CHAIN KIT 50'S CHRISTMAS ,63791.94,18902
84879,ASSORTED COLOUR BIRD ORNAMENT,58959.729999999996,36381
79321,CHILLI LIGHTS,53768.060000000005,10226
22502,PICNIC BASKET WICKER SMALL,51041.37,1865
22197,SMALL POPCORN HOLDER,50987.47,56450
23298,SPOTTY BUNTING,42700.020000000004,8363
22386,JUMBO BAG PINK POLKADOT,41619.66,21009
23203,JUMBO BAG DOILEY PATTERNS,40991.38,19913
21137,BLACK RECORD COVER FRAME,40596.96,11641
22720,SET OF 3 CAKE TINS PANTRY DESIGN ,37413.44,7336
23284,DOORMAT KEEP CALM AND COME IN,36565.39,5266
22960,JAM MAKING SET WITH JARS,36116.09,8459
82484,WOOD BLACK BOARD ANT WHITE FINISH,35859.27,5996
20725,LUNCH BAG RED RETROSPOT,35187.31,18979
22114,HOT WATER BOTTLE TEA AND SYMPATHY,32692.49,5665
22178,VICTORIAN GLASS HANGING T-LIGHT,32549.57,23854
22112,CHOCOLATE HOT WATER BOTTLE,32317.300000000003,5897
85099F,JUMBO BAG STRAWBERRY,32121.98,17023
22910,PAPER CHAIN KIT VINTAGE CHRISTMAS,31941.890000000003,10253
22469,HEART OF WICKER SMALL,31899.85,17836
23245,SET OF 3 REGENCY CAKE TINS,30756.45,6267
22727,ALARM CLOCK BAKELIKE RED ,30423.62,7741
21931,JUMBO STORAGE BAG SUKI,30167.79,13320
22470,HEART OF WICKER LARGE,29949.91,9833
23199,JUMBO BAG APPLES,29166.4,14197
22355,CHARLOTTE BAG SUKI DESIGN,29164.36,18002
23355,HOT WATER BOTTLE KEEP CALM,28424.95,5745
22411,JUMBO SHOPPER VINTAGE RED PAISLEY,28012.48,12248
22457,NATURAL SLATE HEART CHALKBOARD ,27995.36,9120
22699,ROSES REGENCY TEACUP AND SAUCER ,27944.920000000002,9440
20685,DOORMAT RED RETROSPOT,27621.32,4026
85099C,JUMBO  BAG BAROQUE BLACK WHITE,27581.32,13641
22726,ALARM CLOCK BAKELIKE GREEN,27039.03,6388
23201,JUMBO BAG ALPHABET,26814.15,12785
21915,RED  HARMONICA IN BOX ,26247.83,21866
84347,ROTATING SILVER ANGELS T-LIGHT HLDR,26142.23,100
22666,RECIPE BOX PANTRY YELLOW DESIGN,25819.55,8125
22629,SPACEBOY LUNCH BOX ,25647.77,14206
84946,ANTIQUE SILVER TEA GLASS ETCHED,25516.670000000002,18911
48138,DOORMAT UNION FLAG,25512.1,3750
22961,JAM MAKING SET PRINTED,25235.23,16081
21181,PLEASE ONE PERSON METAL SIGN,25120.88,12218
23173,REGENCY TEAPOT ROSES ,24482.530000000002,2718
22722,SET OF 6 SPICE TINS PANTRY DESIGN,24365.66,5948
22326,ROUND SNACK BOXES SET OF4 WOODLAND ,24317.670000000002,8519
21621,VINTAGE UNION JACK BUNTING,24304.83,2761
48187,DOORMAT NEW ENGLAND,24261.04,3826
22111,SCOTTIE DOG HOT WATER BOTTLE,23965.39,4537
22138,BAKING SET 9 PIECE RETROSPOT ,23928.620000000003,4880
21731,RED TOADSTOOL LED NIGHT LIGHT,23651.679999999997,13823
22189,CREAM HEART CARD HOLDER,23431.870000000003,8283
23344,JUMBO BAG 50'S CHRISTMAS ,23328.79,10044
21175,GIN + TONIC DIET METAL SIGN,23298.739999999998,10195
21733,RED HANGING HEART T-LIGHT HOLDER,23075.79,7825
21623,VINTAGE UNION JACK MEMOBOARD,22970.29,3268
23243,SET OF TEA COFFEE SUGAR TINS PANTRY,22968.62,4688
21929,JUMBO BAG PINK VINTAGE PAISLEY,22794.07,10785
22139,RETROSPOT TEA SET CERAMIC 11 PC ,22717.510000000002,4485
20713,JUMBO BAG OWLS,22599.53,11201
22090,PAPER BUNTING RETROSPOT,22594.56,7492
82482,WOODEN PICTURE FRAME WHITE FINISH,22531.71,8773
22697,GREEN REGENCY TEACUP AND SAUCER,22433.25,7159
22383,LUNCH BAG SUKI  DESIGN ,22318.64,12404
85066,CREAM SWEETHEART MINI CHEST,22248.15,1751
20727,LUNCH BAG  BLACK SKULL.,22219.01,12112
48194,DOORMAT HEARTS,22114.72,3416
84029E,RED WOOLLY HOTTIE WHITE HEART.,21888.530000000002,4698
15056N,EDWARDIAN PARASOL NATURAL,21839.04,3897
20712,JUMBO BAG WOODLAND ANIMALS,21665.96,9533
20724,RED RETROSPOT CHARLOTTE BAG,21606.48,17542
21523,DOORMAT FANCY FONT HOME SWEET HOME,21561.64,3241
20728,LUNCH BAG CARS BLUE,21423.13,11603
23202,JUMBO BAG VINTAGE LEAF,21410.35,10720
23209,LUNCH BAG DOILEY PATTERN ,21384.37,13149
22630,DOLLY GIRL LUNCH BOX,21156.489999999998,11518
21212,PACK OF 72 RETROSPOT CAKE CASES,21059.72,36039
23206,LUNCH BAG APPLE DESIGN,20814.83,12124
21166,COOK WITH WINE METAL SIGN ,20796.54,10277
21928,JUMBO BAG SCANDINAVIAN PAISLEY,20670.02,10205
22728,ALARM CLOCK BAKELIKE PINK,20548.4,5323
22659,LUNCH BOX I LOVE LONDON,20272.7,11201
21479,WHITE SKULL HOT WATER BOTTLE ,19958.52,3733
84997D,PINK 3 PIECE POLKADOT CUTLERY SET,19627.75,5076
48185,DOORMAT FAIRY CAKE,19333.91,2943
21843,RED RETROSPOT CAKE STAND,18884.75,1691
82494L,WOODEN FRAME ANTIQUE WHITE ,18729.84,6396
22969,HOMEMADE JAM SCENTED CANDLES,18602.75,12392
22467,GUMBALL COAT RACK,18552.97,7815
22501,PICNIC BASKET WICKER LARGE,18448.96,1504
20726,LUNCH BAG WOODLAND,18188.48,9851
20914,SET/5 RED RETROSPOT LID GLASS BOWLS,18089.350000000002,6265
15036,ASSORTED COLOURS SILK FAN,18064.16,23082
82486,WOOD S/3 CABINET ANT WHITE FINISH,17881.32,2080
22382,LUNCH BAG SPACEBOY DESIGN ,17850.01,10305
22693,GROW A FLYTRAP OR SUNFLOWER IN TIN,17837.45,16172
22865,HAND WARMER OWL DESIGN,17651.980000000003,8375
21485,RETROSPOT HEART HOT WATER BOTTLE,17609.53,3513
22328,ROUND SNACK BOXES SET OF 4 FRUITS ,17438.87,6189
71477,COLOUR GLASS. STAR T-LIGHT HOLDER,17214.94,5522
22384,LUNCH BAG PINK POLKADOT,17198.99,10363
22698,PINK REGENCY TEACUP AND SAUCER,17164.260000000002,5686
22077,6 RIBBONS RUSTIC CHARM,17149.27,9149
21754,HOME BUILDING BLOCK WORD,16931.32,2760
82583,HOT BATHS METAL SIGN,16913.600000000002,7234
22385,JUMBO BAG SPACEBOY DESIGN,16866.72,8553
23240,SET OF 4 KNICK KNACK TINS DOILEY ,16830.82,4136
22492,MINI PAINT SET VINTAGE ,16810.420000000002,26437
20719,WOODLAND CHARLOTTE BAG,16672.35,13196
22993,SET OF 4 PANTRY JELLY MOULDS,16422.23,12604
22835,HOT WATER BOTTLE I AM SO POORLY,16375.41,3080
22624,IVORY KITCHEN SCALES,16360.01,1880
84978,HANGING HEART JAR T-LIGHT HOLDER,16270.94,12337
23301,GARDENERS KNEELING PAD KEEP CALM ,16188.15,8711
84029G,KNITTED UNION FLAG HOT WATER BOTTLE,16106.04,3309
84997B,RED 3 PIECE RETROSPOT CUTLERY SET,15918.470000000001,4180
85152,HAND OVER THE CHOCOLATE   SIGN ,15848.11,8198
21232,STRAWBERRY CERAMIC TRINKET BOX,15820.550000000001,11469
23313,VINTAGE CHRISTMAS BUNTING,15768.960000000001,2984
22379,RECYCLING BAG RETROSPOT ,15514.34,6846
15056BL,EDWARDIAN PARASOL BLACK,15176.34,2714
84078A,SET/4 WHITE RETRO STORAGE CUBES ,15115.050000000001,380
22084,PAPER CHAIN KIT EMPIRE,15002.02,5148
84997C,BLUE 3 PIECE POLKADOT CUTLERY SET,14478.28,3778
22900, SET 2 TEA TOWELS I LOVE LONDON ,14423.33,4703
48184,DOORMAT ENGLISH ROSE ,14276.3,2032
22866,HAND WARMER SCOTTY DOG DESIGN,14201.52,6521
22507,MEMO BOARD RETROSPOT  DESIGN,14159.4,2953
21930,JUMBO STORAGE BAG SKULLS,14024.92,6447
82483,WOOD 2 DRAWER CABINET WHITE FINISH,13999.37,2197
22083,PAPER CHAIN KIT RETROSPOT,13994.34,4602
22867,HAND WARMER BIRD DESIGN,13967.390000000001,6388
23200,JUMBO BAG PEARS,13953.65,6937
22625,RED KITCHEN SCALES,13943.65,1603
22622,BOX OF VINTAGE ALPHABET BLOCKS,13779.96,1329
22847,BREAD BIN DINER STYLE IVORY,13677.539999999999,861
23077,DOUGHNUT LIP GLOSS ,13645.77,10355
84077,WORLD WAR 2 GLIDERS ASSTD DESIGNS,13587.929999999998,53847
22551,PLASTERS IN TIN SPACEBOY,13567.46,8053
21524,DOORMAT SPOTTY HOME SWEET HOME,13563.51,1751
22752,SET 7 BABUSHKA NESTING BOXES,13501.470000000001,1666
23343,JUMBO BAG VINTAGE CHRISTMAS ,13473.27,5810
23356,LOVE HOT WATER BOTTLE,13441.42,2377
22941,CHRISTMAS LIGHTS 10 REINDEER,13383.67,1621
22554,PLASTERS IN TIN WOODLAND ANIMALS,13296.919999999998,7784
22558,CLOTHES PEGS RETROSPOT PACK 24 ,13279.46,8647
23328,SET 6 SCHOOL MILK BOTTLES IN CRATE,13254.85,2837
23108,SET OF 10 LED DOLLY LIGHTS,12985.42,2157
22171,3 HOOK PHOTO SHELF ANTIQUE WHITE,12869.76,1699
22499,WOODEN UNION JACK BUNTING,12768.45,2087
82600,NO SINGING METAL SIGN,12761.980000000001,5976
22113,GREY HEART HOT WATER BOTTLE,12701.08,3204
23207,LUNCH BAG ALPHABET DESIGN,12700.6,7403
20750,RED RETROSPOT MINI CASES,12595.23,1742
20749,ASSORTED COLOUR MINI CASES,12550.57,1762
21755,LOVE BUILDING BLOCK WORD,12548.91,2030
22607,WOODEN ROUNDERS GARDEN SET ,12534.47,1327
20723,STRAWBERRY CHARLOTTE BAG,12489.69,9723
22188,BLACK HEART CARD HOLDER,12483.220000000001,4870
21790,VINTAGE SNAP CARDS,12443.71,14443
22427,ENAMEL FLOWER JUG CREAM,12427.160000000002,2068
22776,SWEETHEART CAKESTAND 3 TIER,12225.73,1152
21977,PACK OF 60 PINK PAISLEY CAKE CASES,12189.470000000001,24753
48188,DOORMAT WELCOME PUPPIES,12074.92,2060
22424,ENAMEL BREAD BIN CREAM,12041.23,847
23174,REGENCY SUGAR BOWL GREEN,12005.53,2969
47590B,PINK HAPPY BIRTHDAY BUNTING,11947.820000000002,2301
22158,3 HEARTS HANGING DECORATION RUSTIC,11873.130000000001,3438
21430,SET/3 RED GINGHAM ROSE STORAGE BOX,11784.42,2999
22193,RED DINER WALL CLOCK,11689.62,1379
22087,PAPER BUNTING WHITE LACE,11669.43,4013
23300,GARDENERS KNEELING PAD CUP OF TEA ,11584.089999999998,6675
22692,DOORMAT WELCOME TO OUR HOME,11531.71,1521
21936,RED RETROSPOT PICNIC BAG,11513.99,3931
21108,FAIRY CAKE FLANNEL ASSORTED COLOUR,11477.86,7103
21217,RED RETROSPOT ROUND CAKE TINS,11442.84,1080
22568,FELTCRAFT CUSHION OWL,11411.32,3078
23581,JUMBO BAG PAISLEY PARK,11388.27,4913
21216,"SET 3 RETROSPOT TEA,COFFEE,SUGAR",11329.06,2117
21080,SET/20 RED RETROSPOT PAPER NAPKINS ,11304.91,13193
22730,ALARM CLOCK BAKELIKE IVORY,11284.65,2840
22041,"RECORD FRAME 7"" SINGLE SIZE ",11260.81,4336
21481,FAWN BLUE HOT WATER BOTTLE,11226.77,3225
22356,CHARLOTTE BAG PINK POLKADOT,11218.76,9453
22149,FELTCRAFT 6 FLOWER FRIENDS,11215.58,5455
22605,WOODEN CROQUET GARDEN SET,11179.21,774
22662,LUNCH BAG DOLLY GIRL DESIGN,11062.53,6707
B,Adjust bad debt,11062.06,1
20971,PINK BLUE FELT CRAFT TRINKET BOX,11059.33,8384
22413,METAL SIGN TAKE IT OR LEAVE IT ,11051.69,3759
21340,CLASSIC METAL BIRDCAGE PLANT HOLDER,11040.07,950
20711,JUMBO BAG TOYS ,10974.31,4985
85014B,RED RETROSPOT UMBRELLA,10970.050000000001,1913
22988,SOLDIERS EGG CUP ,10805.53,9025
71459,HANGING JAM JAR T-LIGHT HOLDER,10753.01,13476
22617,BAKING SET SPACEBOY DESIGN,10602.9,2180
85048,15CM CHRISTMAS GLASS BALL 20 LIGHTS,10602.66,1318
22734,SET OF 6 RIBBONS VINTAGE CHRISTMAS,10534.9,3235
21791,VINTAGE HEADS AND TAILS CARD GAME ,10490.65,7853
84755,COLOUR GLASS T-LIGHT HOLDER HANGING,10473.4,16380
21891,TRADITIONAL WOODEN SKIPPING ROPE,10466.68,8099
22570,FELTCRAFT CUSHION RABBIT,10395.12,2847
23208,LUNCH BAG VINTAGE LEAF DESIGN,10388.16,6269
47590A,BLUE HAPPY BIRTHDAY BUNTING,10387.85,1968
21914,BLUE HARMONICA IN BOX ,10298.56,7843
22846,BREAD BIN DINER STYLE RED ,10259.92,639
84947,ANTIQUE SILVER TEA GLASS ENGRAVED,10258.98,8674
22970,LONDON BUS COFFEE MUG,10191.15,4351
22169,FAMILY ALBUM WHITE PICTURE FRAME,10096.71,1166
23170,REGENCY TEA PLATE ROSES ,10070.75,6151
23582,VINTAGE DOILY JUMBO BAG RED ,10010.77,4694
22633,HAND WARMER UNION JACK,10002.720000000001,4841
22621,TRADITIONAL KNITTING NANCY,9992.199999999999,6099
48173C,DOORMAT BLACK FLOCK ,9984.16,1797
20679,EDWARDIAN PARASOL RED,9967.87,1701
22556,PLASTERS IN TIN CIRCUS PARADE ,9961.21,6052
21218,RED SPOTTY BISCUIT TIN,9951.24,2384
23076,ICE CREAM SUNDAE LIP GLOSS,9930.76,8072
22690,DOORMAT HOME SWEET HOME BLUE ,9911.3,1615
22619,SET OF 6 SOLDIER SKITTLES,9906.29,2483
23171,REGENCY TEA PLATE GREEN ,9905.74,6150
84997A,GREEN 3 PIECE POLKADOT CUTLERY SET,9883.93,2560
22555,PLASTERS IN TIN STRONGMAN,9828.63,6002
22791,T-LIGHT GLASS FLUTED ANTIQUE,9771.130000000001,7850
21559,STRAWBERRY LUNCH BOX WITH CUTLERY,9712.88,3924
22654,DELUXE SEWING KIT ,9705.6,1379
22766,PHOTO FRAME CORNICE,9687.24,3244
22560,TRADITIONAL MODELLING CLAY,9601.26,8167
22144,CHRISTMAS CRAFT LITTLE FRIENDS,9588.78,4038
21314,SMALL GLASS HEART TRINKET POT,9541.43,4113
22569,FELTCRAFT CUSHION BUTTERFLY,9474.95,2571
22844,VINTAGE CREAM DOG FOOD CONTAINER,9459.02,978
35970,ZINC FOLKART SLEIGH BELLS,9425.36,4997
21174,POTTERING IN THE SHED METAL SIGN,9413.82,4179
22952,60 CAKE CASES VINTAGE CHRISTMAS,9384.32,15767
84375,SET OF 20 KIDS COOKIE CUTTERS,9376.85,4308
85150,LADIES & GENTLEMEN METAL SIGN,9376.23,4034
23175,REGENCY MILK JUG PINK ,9374.65,3084
22561,WOODEN SCHOOL COLOURING SET,9344.82,5612
22191,IVORY DINER WALL CLOCK,9317.45,1108
22978,PANTRY ROLLING PIN,9296.119999999999,2390
22749,FELTCRAFT PRINCESS CHARLOTTE DOLL,9264.91,2375
22456,NATURAL SLATE CHALKBOARD LARGE ,9227.67,1663
22966,GINGERBREAD MAN COOKIE CUTTER,9205.9,7443
22992,REVOLVER WOODEN RULER ,9186.439999999999,4520
20972,PINK CREAM FELT CRAFT TRINKET BOX ,9129.31,7338
84991,60 TEATIME FAIRY CAKE CASES,9088.02,18040
23080,RED METAL BOX TOP SECRET,9068.12,1068
48116,DOORMAT MULTICOLOUR STRIPE,9064.48,1489
23319,BOX OF 6 MINI 50'S CRACKERS,9021.87,3623
22771,CLEAR DRAWER KNOB ACRYLIC EDWARDIAN,9012.94,6605
22759,SET OF 3 NOTEBOOKS IN PARCEL,9004.339999999998,5421
22729,ALARM CLOCK BAKELIKE ORANGE,8964.31,2295
23439,HAND WARMER RED LOVE HEART,8941.61,4027
22632,HAND WARMER RED POLKA DOT,8936.28,4445
22989,SET 2 PANTRY DESIGN TEA TOWELS,8934.27,2791
21889,WOODEN BOX OF DOMINOES,8829.79,6376
82582,AREA PATROLLED METAL SIGN,8823.09,4348
23318,BOX OF 6 MINI VINTAGE CRACKERS,8798.68,3643
21155,RED RETROSPOT PEG BAG,8790.8,2919
23322,LARGE WHITE HEART OF WICKER,8755.560000000001,3022
84945,MULTI COLOUR SILVER T-LIGHT HOLDER,8657.17,10454
22947,WOODEN ADVENT CALENDAR RED,8641.32,740
22652,TRAVEL SEWING KIT,8595.57,5081
23534,STOP FOR TEA WALL ART,8573.2,1381
22273,FELTCRAFT DOLL MOLLY,8503.69,3067
22795,SWEETHEART RECIPE BOOK STAND,8499.55,1195
23493,VINTAGE DOILY TRAVEL SEWING KIT,8498.28,3964
23078,ICE CREAM PEN LIP GLOSS ,8493.34,6783
23082,SET 6 PAPER TABLE LANTERN HEARTS ,8474.35,2305
23535,BICYCLE SAFTEY WALL ART,8464.04,1328
84378,SET OF 3 HEART COOKIE CUTTERS,8450.9,6278
23321,SMALL WHITE HEART OF WICKER,8408.92,4698
21213,PACK OF 72 SKULL CAKE CASES,8392.04,15128
21484,CHICK GREY HOT WATER BOTTLE,8387.92,1833
23256,CHILDRENS CUTLERY SPACEBOY ,8337.37,2027
71053,WHITE METAL LANTERN,8302.05,1911
21210,SET OF 72 RETROSPOT PAPER  DOILIES,8200.539999999999,5679
72741,GRAND CHOCOLATECANDLE,8188.75,5953
22838,3 TIER CAKE TIN RED AND CREAM,8093.51,561
84380,SET OF 3 BUTTERFLY COOKIE CUTTERS,8062.71,5730
22192,BLUE DINER WALL CLOCK,8020.99,933
21035,SET/2 RED RETROSPOT TEA TOWELS ,7999.85,2403
22725,ALARM CLOCK BAKELIKE CHOCOLATE,7981.1,1934
22616,PACK OF 12 LONDON TISSUES ,7972.759999999999,26111
21121,SET/10 RED POLKADOT PARTY CANDLES,7913.85,6538
22768,FAMILY PHOTO FRAME CORNICE,7913.24,832
21770,OPEN CLOSED METAL SIGN,7909.08,1635
22909,SET OF 20 VINTAGE CHRISTMAS NAPKINS,7855.339999999999,8728
22940,FELTCRAFT CHRISTMAS FAIRY,7854.5,1896
22667,RECIPE BOX RETROSPOT ,7840.400000000001,2808
22352,LUNCH BOX WITH CUTLERY RETROSPOT ,7832.92,3077
21136,PAINTED METAL PEARS ASSORTED,7815.11,4700
23238,SET OF 4 KNICK KNACK TINS LONDON ,7759.96,1846
22557,PLASTERS IN TIN VINTAGE PAISLEY ,7732.539999999999,4694
48111,DOORMAT 3 SMILEY CATS,7717.03,1173
21908,CHOCOLATE THIS WAY METAL SIGN,7701.820000000001,3747
22487,WHITE WOOD GARDEN PLANT LADDER,7686.429999999999,760
22804,CANDLEHOLDER PINK HANGING HEART,7680.200000000001,2966
22968,ROSE COTTAGE KEEPSAKE BOX ,7673.08,775
23007, SPACEBOY BABY GIFT SET,7656.999999999999,493
84970S,HANGING HEART ZINC T-LIGHT HOLDER,7652.21,8880
23204,CHARLOTTE BAG APPLES DESIGN,7603.6,7790
47566B,TEA TIME PARTY BUNTING,7597.170000000001,958
21955,DOORMAT UNION JACK GUNS AND ROSES,7597.02,1230
22750,FELTCRAFT PRINCESS LOLA DOLL,7540.58,2014
22147,FELTCRAFT BUTTERFLY HEARTS,7523.289999999999,5353
22585,PACK OF 6 BIRDY GIFT TAGS,7505.39,6187
84406B,CREAM CUPID HEARTS COAT HANGER,7494.820000000001,1974
22173,METAL 4 HOOK HANGER FRENCH CHATEAU,7493.93,2345
22367,CHILDRENS APRON SPACEBOY DESIGN,7450.08,3719
21231,SWEETHEART CERAMIC TRINKET BOX,7440.45,5906
22627,MINT KITCHEN SCALES,7430.18,840
21668,RED STRIPE CERAMIC DRAWER KNOB,7424.99,5444
84836,ZINC METAL HEART DECORATION,7383.07,5909
22381,TOY TIDY PINK POLKADOT,7381.49,3414
22741,FUNKY DIVA PEN,7320.509999999999,8496
23382,BOX OF 6 CHRISTMAS CAKE DECORATIONS,7292.43,1858
21169,YOU'RE CONFUSING ME METAL SIGN ,7291.14,4406
84949,SILVER HANGING T-LIGHT HOLDER,7230.089999999999,4538
22631,CIRCUS PARADE LUNCH BOX ,7143.0199999999995,3648
22485,SET OF 2 WOODEN MARKET CRATES,7113.849999999999,520
22505,MEMO BOARD COTTAGE DESIGN,7079.47,1456
21912,VINTAGE SNAKES & LADDERS,7062.7,1790
22179,SET 10 LIGHTS NIGHT OWL,7054.0,938
23083,SET 6 PAPER TABLE LANTERN STARS ,7040.4800000000005,1870
22553,PLASTERS IN TIN SKULLS,7038.069999999999,4185
23320,GIANT 50'S CHRISTMAS CRACKER,7034.59,2655
22663,JUMBO BAG DOLLY GIRL DESIGN,7031.83,3409
21669,BLUE STRIPE CERAMIC DRAWER KNOB,7020.99,5205
23543,KEEP CALM WALL ART ,7019.01,1237
21259,VICTORIAN SEWING BOX SMALL ,7014.75,1168
23236,DOILEY STORAGE TIN,7010.84,2476
21258,VICTORIAN SEWING BOX LARGE,6995.05,471
C2,CARRIAGE,6986.0,140
22637,PIGGY BANK RETROSPOT ,6985.18,2709
23293,SET OF 12 FAIRY CAKE BAKING CASES,6975.429999999999,8454
21922,UNION STRIPE WITH FRINGE  HAMMOCK,6952.31,899
23283,DOORMAT VINTAGE LEAVES DESIGN ,6945.93,987
21094,SET/6 RED SPOTTY PAPER PLATES,6933.259999999999,8758
21165,BEWARE OF THE CAT METAL SIGN ,6918.8,4144
22333,RETROSPOT PARTY BAG + STICKER SET,6911.94,4412
21326,AGED GLASS SILVER T-LIGHT HOLDER,6876.820000000001,10562
22170,PICTURE FRAME WOOD TRIPLE PORTRAIT,6858.95,1049
22294,HEART FILIGREE DOVE  SMALL,6858.83,5500
23254,CHILDRENS CUTLERY DOLLY GIRL ,6849.16,1690
22834,HAND WARMER BABUSHKA DESIGN,6830.18,4767
23215,JINGLE BELL HEART ANTIQUE SILVER,6829.84,3447
22767,TRIPLE PHOTO FRAME CORNICE ,6825.299999999999,739
21257,VICTORIAN SEWING BOX MEDIUM,6820.97,677
22109,FULL ENGLISH BREAKFAST PLATE,6814.26,1609
23103,BELL HEART DECORATION,6813.159999999999,4052
22946,WOODEN ADVENT CALENDAR CREAM,6809.42,437
22634,CHILDS BREAKFAST SET SPACEBOY ,6809.3,725
23541,WALL ART CLASSIC PUDDINGS ,6807.41,870
22839,3 TIER CAKE TIN GREEN AND CREAM,6802.2699999999995,433
22620,4 TRADITIONAL SPINNING TOPS,6776.5599999999995,4884
22840,ROUND CAKE TIN VINTAGE RED,6769.64,896
23297,SET 40 HEART SHAPE PETIT FOUR CASES,6749.33,4277
21787,RAIN PONCHO RETROSPOT,6743.65,8350
21672,WHITE SPOT RED CERAMIC DRAWER KNOB,6738.349999999999,4963
22950,36 DOILIES VINTAGE CHRISTMAS,6719.349999999999,4885
23229,VINTAGE DONKEY TAIL GAME ,6698.82,1858
23480,MINI LIGHTS WOODLAND MUSHROOMS,6658.54,1780
84988,SET OF 72 PINK HEART PAPER DOILIES,6653.849999999999,4299
85014A,BLACK/BLUE POLKADOT UMBRELLA,6648.97,1158
23109,LED TEA LIGHTS,6639.33,2305
23008,DOLLY GIRL BABY GIFT SET,6634.86,428
75049L,LARGE CIRCULAR MIRROR MOBILE,6623.78,6886
22943,CHRISTMAS LIGHTS 10 VINTAGE BAUBLES,6619.67,1327
21888,BINGO SET,6610.79,1675
23247,BISCUIT TIN 50'S CHRISTMAS,6597.39,2160
20718,RED RETROSPOT SHOPPER BAG,6570.05,4741
22668,PINK BABY BUNTING,6553.42,2130
21533,RETROSPOT LARGE MILK JUG,6553.320000000001,1329
22580,ADVENT CALENDAR GINGHAM SACK,6545.14,1252
84992,72 SWEETHEART FAIRY CAKE CASES,6493.1900000000005,13230
22508,DOORSTOP RETROSPOT HEART,6462.13,1577
23553,LANDMARK FRAME CAMDEN TOWN ,6457.15,569
23311,VINTAGE CHRISTMAS STOCKING ,6449.95,2375
22141,CHRISTMAS CRAFT TREE TOP ANGEL,6440.6900000000005,2780
84030E,ENGLISH ROSE HOT WATER BOTTLE,6440.19,1503
23571,TRADITIONAL NAUGHTS & CROSSES,6436.61,2859
21122,SET/10 PINK POLKADOT PARTY CANDLES,6434.79,5282
23134,LARGE ZINC HEART WALL ORGANISER,6431.110000000001,1065
23188,VINTAGE  2 METER FOLDING RULER,6427.969999999999,3459
22991,GIRAFFE WOODEN RULER,6422.889999999999,3175
20676,RED RETROSPOT BOWL,6413.56,5054
84970L,SINGLE HEART ZINC T-LIGHT HOLDER,6401.37,6053
22655,VINTAGE RED KITCHEN CABINET,6394.5,50
22895,SET OF 2 TEA TOWELS APPLE AND PEARS,6332.25,2057
23307,SET OF 60 PANTRY DESIGN CAKE CASES ,6331.1900000000005,11975
21380,WOODEN HAPPY BIRTHDAY GARLAND,6313.410000000001,2167
21935,SUKI  SHOULDER BAG,6296.96,3392
23169,CLASSIC GLASS SWEET JAR,6291.99,1465
22979,PANTRY WASHING UP BRUSH,6284.42,4006
20969,RED FLORAL FELTCRAFT SHOULDER BAG,6256.860000000001,1673
23172,REGENCY TEA PLATE PINK,6206.61,3769
22784,LANTERN CREAM GAZEBO ,6204.6900000000005,1240
22303,COFFEE MUG APPLES DESIGN,6182.4,2748
23192,BUNDLE OF 3 ALPHABET EXERCISE BOOKS,6137.339999999999,3530
21154,RED RETROSPOT OVEN GLOVE ,6094.76,3823
21975,PACK OF 60 DINOSAUR CAKE CASES,6081.85,12269
47591D,PINK FAIRY CAKE CHILDRENS APRON,6056.349999999999,3209
21670,BLUE SPOT CERAMIC DRAWER KNOB,6045.04,4301
47556B,TEA TIME TEA TOWELS ,6045.0,2600
21156,RETROSPOT CHILDRENS APRON,6017.0,3132
22174,PHOTO CUBE,6013.429999999999,3239
22151,PLACE SETTING WHITE HEART,6010.33,14260
23312,VINTAGE CHRISTMAS GIFT SACK,5964.150000000001,1423
22783,SET 3 WICKER OVAL BASKETS W LIDS,5961.25,463
23296,SET OF 6 TEA TIME BAKING CASES,5954.3,4954
23052,RECYCLED ACAPULCO MAT TURQUOISE,5941.09,653
21871,SAVE THE PLANET MUG,5940.27,4769
21535,RED RETROSPOT SMALL MILK JUG,5930.8099999999995,2465
21673,WHITE SPOT BLUE CERAMIC DRAWER KNOB,5927.8,4292
23526,DOG LICENCE WALL ART,5926.2,996
23118,PARISIENNE JEWELLERY DRAWER ,5922.18,789
22584,PACK OF 6 PANNETONE GIFT BOXES,5916.36,2318
22150,3 STRIPEY MICE FELTCRAFT,5903.94,3019
21671,RED SPOT CERAMIC DRAWER KNOB,5863.73,4269
17003,BROCADE RING PURSE ,5863.59,23053
48129,DOORMAT TOPIARY,5850.6900000000005,881
22366,DOORMAT AIRMAIL ,5840.83,773
22971,QUEENS GUARD COFFEE MUG,5811.64,2415
21877,HOME SWEET HOME MUG,5808.01,4366
22751,FELTCRAFT PRINCESS OLIVIA DOLL,5805.22,1564
22740,POLKADOT PEN,5793.62,6842
23154,SET OF 4 JAM JAR MAGNETS,5780.4800000000005,2671
22365,DOORMAT RESPECTABLE HOUSE,5746.38,788
82001S,VINYL RECORD FRAME SILVER,5724.68,1575
62018,SOMBRERO ,5716.85,4415
22779,WOODEN OWLS LIGHT GARLAND ,5696.35,1515
22635,CHILDS BREAKFAST SET DOLLY GIRL ,5695.23,598
22826,LOVE SEAT ANTIQUE WHITE METAL,5692.5,54
22646,CERAMIC STRAWBERRY CAKE MONEY BANK,5653.87,4137
21242,RED RETROSPOT PLATE ,5645.63,3341
22907,PACK OF 20 NAPKINS PANTRY DESIGN,5637.7,6535
22595,CHRISTMAS GINGHAM HEART,5627.58,6657
23205,CHARLOTTE BAG VINTAGE ALPHABET ,5587.83,5668
22466,FAIRY TALE COTTAGE NIGHTLIGHT,5571.889999999999,3049
23531,WALL ART BIG LOVE ,5559.11,979
21558,SKULL LUNCH BOX WITH CUTLERY ,5557.87,2134
22207,FRYING PAN UNION FLAG,5555.59,1259
22488,NATURAL SLATE RECTANGLE CHALKBOARD,5517.58,3161
23133,LARGE IVORY HEART WALL ORGANISER,5517.15,781
22088,PAPER BUNTING COLOURED LACE,5511.85,1837
22837,HOT WATER BOTTLE BABUSHKA ,5504.93,1137
23583,LUNCH BAG PAISLEY PARK  ,5497.33,3385
23177,TREASURE ISLAND BOOK BOX,5483.04,2515
23126,DOLLCRAFT GIRL AMELIE KIT,5477.59,1098
22904,CALENDAR PAPER CUT DESIGN,5473.160000000001,1836
22297,HEART IVORY TRELLIS SMALL,5468.66,4171
22964,3 PIECE SPACEBOY COOKIE CUTTER SET,5451.6900000000005,2614
22418,10 COLOUR SPACEBOY PEN,5439.25,6392
23485,BOTANICAL GARDENS WALL CLOCK ,5436.52,244
22798,ANTIQUE GLASS DRESSING TABLE POT,5431.5,1754
23135,SMALL ZINC HEART WALL ORGANISER,5416.18,1541
22429,ENAMEL MEASURING JUG CREAM,5409.43,1239
23158,SET OF 5 LUCKY CAT MAGNETS ,5393.1900000000005,2575
22349,DOG BOWL CHASING BALL DESIGN,5340.2699999999995,1355
22464,HANGING METAL HEART LANTERN,5332.5199999999995,3301
21172,PARTY METAL SIGN ,5327.03,3477
22845,VINTAGE CREAM CAT FOOD CONTAINER,5315.179999999999,789
22796,PHOTO FRAME 3 CLASSIC HANGING,5283.299999999999,529
22296,HEART IVORY TRELLIS LARGE,5272.469999999999,3155
22998,TRAVEL CARD WALLET KEEP CALM,5240.5599999999995,12313
22772,PINK DRAWER KNOB ACRYLIC EDWARDIAN,5207.95,3866
23132,SMALL IVORY HEART WALL ORGANISER,5196.1,1030
22898,CHILDRENS APRON APPLES DESIGN,5174.32,2426
22623,BOX OF VINTAGE JIGSAW BLOCKS ,5163.01,923
22120,WELCOME  WOODEN BLOCK LETTERS,5157.54,514
21164,HOME SWEET HOME METAL SIGN ,5144.18,1762
23162,REGENCY TEA STRAINER,5143.6900000000005,1412
22665,RECIPE BOX BLUE SKETCHBOOK DESIGN,5132.93,1495
23263,SET OF 3 WOODEN HEART DECORATIONS,5125.94,3846
21844,RED RETROSPOT MUG,5112.04,1828
22302,COFFEE MUG PEARS  DESIGN,5106.24,2318
21756,BATH BUILDING BLOCK WORD,5077.66,821
23295,SET OF 12 MINI LOAF BAKING CASES,5067.639999999999,6127
21098,CHRISTMAS TOILET ROLL,5051.849999999999,3692
22848,BREAD BIN DINER STYLE PINK,5048.95,313
23234,BISCUIT TIN VINTAGE CHRISTMAS,5042.21,1709
23397,FOOT STOOL HOME SWEET HOME ,5037.95,483
22371,AIRLINE BAG VINTAGE TOKYO 78,5035.79,1077
21428,SET3 BOOK BOX GREEN GINGHAM FLOWER ,5031.63,1173
21907,I'M ON HOLIDAY METAL SIGN,5004.080000000001,2360
22827,RUSTIC  SEVENTEEN DRAWER SIDEBOARD,5000.0,32
22271,FELTCRAFT DOLL ROSIE,4998.5,1698
23310,BUBBLEGUM RING ASSORTED,4997.28,12050
23165,LARGE CERAMIC TOP STORAGE JAR,4993.16,3016
23494,VINTAGE DOILY DELUXE SEWING KIT ,4991.06,748
23198,PANTRY MAGNETIC  SHOPPING LIST,4975.599999999999,3282
23314,VINTAGE CHRISTMAS TABLECLOTH,4975.46,404
22301,COFFEE MUG CAT + BIRD DESIGN,4972.43,2201
23556,LANDMARK FRAME COVENT GARDEN ,4962.01,438
22957,SET 3 PAPER VINTAGE CHICK PAPER EGG,4951.6,1752
21932,SCANDINAVIAN PAISLEY PICNIC BAG,4946.63,2691
23570,TRADITIONAL PICK UP STICKS GAME ,4944.37,2782
22780,LIGHT GARLAND BUTTERFILES PINK,4938.09,1321
84212,"ASSORTED FLOWER COLOUR ""LEIS""",4934.87,10315
22142,CHRISTMAS CRAFT WHITE FAIRY ,4934.59,3239
21933,PINK VINTAGE PAISLEY PICNIC BAG,4929.58,2663
22110,BIRD HOUSE HOT WATER BOTTLE,4909.59,1171
22748,POPPY'S PLAYHOUSE KITCHEN,4861.93,2108
21086,SET/6 RED SPOTTY PAPER CUPS,4861.900000000001,7137
23503,PLAYING CARDS KEEP CALM & CARRY ON,4861.8,3644
21937,STRAWBERRY   PICNIC BAG,4854.599999999999,1692
21033,JUMBO BAG CHARLIE AND LOLA TOYS,4852.0199999999995,1932
21390,FILIGRIS HEART WITH BUTTERFLY,4848.13,3903
22781,GUMBALL MAGAZINE RACK,4846.31,573
23010,CIRCUS PARADE BABY GIFT SET,4845.7,313
23554,LANDMARK FRAME OXFORD STREET,4830.53,424
22849,BREAD BIN DINER STYLE MINT,4827.38,310
22689,DOORMAT MERRY CHRISTMAS RED ,4822.25,621
23555,LANDMARK FRAME NOTTING HILL ,4818.07,424
21124,SET/10 BLUE POLKADOT PARTY CANDLES,4806.8,3966
22549,PICTURE DOMINOES,4799.83,3189
23351,ROLL WRAP 50'S CHRISTMAS,4775.77,3443
21876,POTTERING MUG,4775.61,3754
23389,SPACEBOY MINI BACKPACK,4772.240000000001,1120
22636,CHILDS BREAKFAST SET CIRCUS PARADE,4769.86,566
20677,PINK POLKADOT BOWL,4743.59,3671
23569,TRADTIONAL ALPHABET STAMP SET,4742.41,959
23558,LANDMARK FRAME LONDON BRIDGE ,4741.37,418
84050,PINK HEART SHAPE EGG FRYING PAN,4739.08,3220
22243,5 HOOK HANGER RED MAGIC TOADSTOOL,4735.139999999999,3088
23157,SET OF 6 NATIVITY MAGNETS ,4726.1,2330
23159,SET OF 5 PANCAKE DAY MAGNETS,4719.76,2296
23286,BLUE VINTAGE SPOT BEAKER,4705.97,4999
23184,BULL DOG BOTTLE OPENER,4700.15,861
22645,CERAMIC HEART FAIRY CAKE MONEY BANK,4697.28,2346
23241,TREASURE TIN GYMKHANA DESIGN,4694.51,2177
22082,RIBBON REEL STRIPES DESIGN ,4683.33,2693
82552,WASHROOM METAL SIGN,4680.63,3016
37449,CERAMIC CAKE STAND + HANGING CAKES,4680.54,514
22721,SET OF 3 CAKE TINS SKETCHBOOK,4678.71,1022
22745,POPPY'S PLAYHOUSE BEDROOM ,4651.29,2016
21539,RED RETROSPOT BUTTER DISH,4649.8,949
22813,PACK 3 BOXES BIRD PANNETONE ,4640.78,2372
47599A,PINK PARTY BAGS,4636.900000000001,2450
22295,HEART FILIGREE DOVE LARGE,4623.87,2795
23176,ABC TREASURE BOOK BOX ,4596.33,2122
22775,PURPLE DRAWERKNOB ACRYLIC EDWARDIAN,4586.87,3199
23285,PINK VINTAGE SPOT BEAKER,4570.71,4805
22606,WOODEN SKITTLES GARDEN SET,4552.11,304
21833,CAMOUFLAGE LED TORCH,4543.73,2696
22504,CABIN BAG VINTAGE RETROSPOT,4542.07,242
22417,PACK OF 60 SPACEBOY CAKE CASES,4541.24,8380
82551,LAUNDRY 15C METAL SIGN,4537.69,2914
20979,36 PENCILS TUBE RED RETROSPOT,4529.9800000000005,3579
22628,PICNIC BOXES SET OF 3 RETROSPOT ,4521.91,945
23168,CLASSIC SUGAR DISPENSER,4494.3099999999995,3238
23309,SET OF 60 I LOVE LONDON CAKE CASES ,4478.8,8244
23530,WALL ART ONLY ONE PERSON ,4465.97,1062
21934,SKULL SHOULDER BAG,4463.78,2411
23275,SET OF 3 HANGING OWLS OLLIE BEAK,4462.56,3672
22089,PAPER BUNTING VINTAGE PAISLEY,4460.38,1424
84987,SET OF 36 TEATIME PAPER DOILIES,4452.32,3038
23288,GREEN VINTAGE SPOT BEAKER,4429.06,4607
23404,HOME SWEET HOME BLACKBOARD,4418.21,982
23163,REGENCY SUGAR TONGS,4400.820000000001,1777
22938,CUPCAKE LACE PAPER SET 6,4371.63,2307
21906,PHARMACIE FIRST AID TIN,4356.0599999999995,564
22626,BLACK KITCHEN SCALES,4350.86,511
16014,SMALL CHINESE STYLE SCISSOR,4335.76,13328
23349,ROLL WRAP VINTAGE CHRISTMAS,4325.1,3207
22899,CHILDREN'S APRON DOLLY GIRL ,4318.030000000001,2065
84692,BOX OF 24 COCKTAIL PARASOLS,4316.46,7877
20975,12 PENCILS SMALL TUBE RED RETROSPOT,4309.820000000001,6520
15056P,EDWARDIAN PARASOL PINK,4308.62,768
21892,TRADITIONAL WOODEN CATCH CUP GAME ,4305.91,3183
21498,RED RETROSPOT WRAP ,4301.42,10501
22327,ROUND SNACK BOXES SET OF 4 SKULLS,4292.45,1163
23050,RECYCLED ACAPULCO MAT GREEN,4278.3,496
23112,PARISIENNE CURIO CABINET,4274.7300000000005,514
22723,SET OF 6 HERB TINS SKETCHBOOK,4274.67,1167
20970,PINK FLORAL FELTCRAFT SHOULDER BAG,4224.63,1114
23166,MEDIUM CERAMIC TOP STORAGE JAR,4221.280000000007,3539
22661,CHARLOTTE BAG DOLLY GIRL DESIGN,4221.16,5201
23237,SET OF 4 KNICK KNACK TINS LEAVES ,4209.1900000000005,1037
23089,GLASS BON BON JAR,4192.08,2340
23012,GLASS APOTHECARY BOTTLE PERFUME,4177.360000000001,1066
22550,HOLIDAY FUN LUDO,4164.89,1154
20974,12 PENCILS SMALL TUBE SKULL,4164.08,6417
23144,ZINC T-LIGHT HOLDER STARS SMALL,4161.3099999999995,5045
22694,WICKER STAR ,4150.92,1794
22801,ANTIQUE GLASS PEDESTAL BOWL,4144.25,1011
72760B,VINTAGE CREAM 3 BASKET CAKE STAND,4140.74,408
20682,RED RETROSPOT CHILDRENS UMBRELLA,4125.83,1221
21874,GIN AND TONIC MUG,4122.219999999999,2959
23306,SET OF 36 DOILIES PANTRY DESIGN,4113.23,2801
22596,CHRISTMAS STAR WISH LIST CHALKBOARD,4112.2,3477
23167,SMALL CERAMIC TOP STORAGE JAR ,4110.82,5322
23009,I LOVE LONDON BABY GIFT SET,4082.5199999999995,263
22061,LARGE CAKE STAND  HANGING STRAWBERY,4078.96,567
22489,PACK OF 12 TRADITIONAL CRAYONS,4072.1299999999997,9719
23255,CHILDRENS CUTLERY CIRCUS PARADE,4064.02,1006
23340,VINTAGE CHRISTMAS CAKE FRILL,4053.8799999999997,2512
23193,BUFFALO BILL TREASURE BOOK BOX,4052.28,1910
21116,OWL DOORSTOP,4051.79,695
21704,BAG 250g SWIRLY MARBLES,4035.4199999999996,5139
22896,PEG BAG APPLES DESIGN,4017.8599999999997,1574
22219,LOVEBIRD HANGING DECORATION WHITE ,4015.8799999999997,4112
22841,ROUND CAKE TIN VINTAGE GREEN,4006.3700000000003,517
72351B,SET/6 PINK  BUTTERFLY T-LIGHTS,4005.75,2095
23194,GYMKHANNA TREASURE BOOK BOX,4003.12,1802
23081,GREEN METAL BOX ARMY SUPPLIES,3997.0,478
23129,HEART SHAPED HOLLY WREATH,3995.3500000000004,949
22577,WOODEN HEART CHRISTMAS SCANDINAVIAN,3992.8899999999994,10509
22431,WATERING CAN BLUE ELEPHANT,3987.0099999999998,2052
20675,BLUE POLKADOT BOWL,3969.37,3109
22274,FELTCRAFT DOLL EMILY,3953.4800000000005,1340
22649,STRAWBERRY FAIRY CAKE TEAPOT,3952.53,758
23130,MISTLETOE HEART WREATH GREEN,3951.63,953
22131,FOOD CONTAINER SET 3 LOVE HEART ,3950.24,2038
23486,ANTIQUE HEART SHELF UNIT,3945.8199999999997,262
22951,60 CAKE CASES DOLLY GIRL DESIGN,3944.55,7398
23557,LANDMARK FRAME BAKER STREET ,3930.27,350
21041,RED RETROSPOT OVEN GLOVE DOUBLE,3900.78,918
22148,EASTER CRAFT 4 CHICKS ,3899.9,1924
22117,METAL SIGN HER DINNER IS SERVED ,3896.4500000000003,1320
21716,BOYS VINTAGE TIN SEASIDE BUCKET,3893.3199999999997,1433
23552,BICYCLE PUNCTURE REPAIR KIT ,3883.99,1864
22222,CAKE PLATE LOVEBIRD WHITE,3880.2,1057
23049,RECYCLED ACAPULCO MAT RED,3872.09,453
23110,PARISIENNE KEY CABINET ,3865.43,651
22942,CHRISTMAS LIGHTS 10 SANTAS ,3864.69,533
84792,ENCHANTED BIRD COATHANGER 5 HOOK,3864.28,805
21749,LARGE RED RETROSPOT WINDMILL,3860.2900000000004,1955
85049A,TRADITIONAL CHRISTMAS RIBBONS,3832.36,2993
22350,ILLUSTRATED CAT BOWL ,3819.5699999999997,1409
37370,RETRO COFFEE MUGS ASSORTED,3817.01,2548
23253,16 PIECE CUTLERY SET PANTRY DESIGN,3816.96,256
23131,MISTLETOE HEART WREATH CREAM,3815.2300000000005,937
21243,PINK  POLKADOT PLATE ,3813.64,2277
21110,LARGE CAKE TOWEL PINK SPOTS,3808.95,1104
23032,DRAWER KNOB CRACKLE GLAZE IVORY,3800.8799999999997,2296
22980,PANTRY SCRUBBING BRUSH,3790.9099999999994,2285
85049E,SCANDINAVIAN REDS RIBBONS,3772.36,2851
22578,WOODEN STAR CHRISTMAS SCANDINAVIAN,3765.1899999999996,10329
21244,BLUE POLKADOT PLATE ,3763.97,2267
23299,FOOD COVER WITH BEADS SET 2 ,3754.13,1007
23542,70'S ALPHABET WALL ART,3751.46,500
21746,SMALL RED RETROSPOT WINDMILL,3748.18,3060
22809,SET OF 6 T-LIGHTS SANTA,3738.8,1224
22890,NOVELTY BISCUITS CAKE STAND 3 TIER,3731.3199999999997,362
22195,LARGE HEART MEASURING SPOONS,3723.9599999999996,1978
22956,36 FOIL HEART CAKE CASES,3709.3800000000006,1903
23182,TOILET SIGN OCCUPIED OR VACANT,3706.47,3763
23127,DOLLCRAFT GIRL NICOLE,3699.6000000000004,724
23092,LARGE ANTIQUE WHITE PHOTO FRAME,3695.8300000000004,515
22842,BISCUIT TIN VINTAGE RED,3695.76,570
22854,CREAM SWEETHEART EGG HOLDER,3693.67,764
23091,ZINC HERB GARDEN CONTAINER,3681.32,584
21890,S/6 WOODEN SKITTLES IN COTTON BAG,3671.06,1146
22738,RIBBON REEL SNOWY VILLAGE,3665.57,2059
22212,FOUR HOOK  WHITE LOVEBIRDS,3663.1400000000003,1591
21531,RED RETROSPOT SUGAR JAM BOWL,3655.92,1505
23013,GLASS APOTHECARY BOTTLE TONIC,3654.4100000000003,919
23191,BUNDLE OF 3 RETRO NOTE BOOKS,3651.99,2215
22378,WALL TIDY RETROSPOT ,3646.97,2287
23497,CLASSIC CHROME BICYCLE BELL ,3642.97,2549
23294,SET OF 6 SNACK LOAF BAKING CASES,3620.2599999999998,4407
22468,BABUSHKA LIGHTS STRING OF 10,3613.72,514
85053,FRENCH ENAMEL CANDLEHOLDER,3609.13,1673
22053,EMPIRE DESIGN ROSETTE,3605.1699999999996,4243
21658,GLASS  BEURRE DISH,3597.05,849
22493,PAINT YOUR OWN CANVAS SET,3593.49,2190
22926,IVORY GIANT GARDEN THERMOMETER,3585.4500000000003,582
21260,FIRST AID TIN,3582.48,1118
21494,ROTATING LEAVES T-LIGHT HOLDER,3576.33,1932
22348,TEA BAG PLATE RED RETROSPOT,3574.79,4074
22908,PACK OF 20 NAPKINS RED APPLES,3571.2799999999997,4382
22812,PACK 3 BOXES CHRISTMAS PANNETONE,3569.2999999999997,1705
22739,RIBBON REEL CHRISTMAS SOCK BAUBLE,3568.52,1825
23332,IVORY WICKER HEART LARGE,3567.4599999999996,2074
23111,PARISIENNE SEWING BOX,3556.04,288
85132C,CHARLIE AND LOLA FIGURES TINS,3552.5699999999997,1515
20717,STRAWBERRY SHOPPER BAG,3536.98,2835
84968C,SET OF 16 VINTAGE PISTACHIO CUTLERY,3534.99,313
21992,VINTAGE PAISLEY STATIONERY SET,3529.12,1913
22800,ANTIQUE TALL SWIRLGLASS TRINKET POT,3526.99,861
22688,DOORMAT PEACE ON EARTH BLUE,3519.6600000000003,705
21715,GIRLS VINTAGE TIN SEASIDE BUCKET,3507.17,1330
23085,ANTIQUE SILVER BAUBLE LAMP  ,3506.48,368
23189,SET OF 12 FORK CANDLES,3504.62,1248
23353,6 GIFT TAGS VINTAGE CHRISTMAS ,3497.6,3992
21527,RED RETROSPOT TRADITIONAL TEAPOT ,3496.4900000000002,447
21703,BAG 125g SWIRLY MARBLES,3492.35,9303
21745,GAOLERS KEYS DECORATIVE GARDEN ,3471.98,934
23232,WRAP VINTAGE PETALS  DESIGN,3457.5,8575
21974,SET OF 36 PAISLEY FLOWER DOILIES,3457.1499999999996,2158
22065,CHRISTMAS PUDDING TRINKET POT ,3448.81,6729
23388,WOODLAND MINI BACKPACK,3448.69,825
21588,RETROSPOT GIANT TUBE MATCHES,3447.6,1496
21385,IVORY HANGING DECORATION  HEART,3445.85,3887
84508A,CAMOUFLAGE DESIGN TEDDY,3445.5,1630
21238,RED RETROSPOT CUP,3445.22,3918
22435,SET OF 9 HEART SHAPED BALLOONS,3441.75,2754
23426,METAL SIGN DROP YOUR PANTS,3432.87,1271
22669,RED BABY BUNTING ,3431.5,1078
21497,FANCY FONTS BIRTHDAY WRAP,3430.0,8600
23065,LARGE DECO JEWELLERY STAND,3427.44,273
23350,ROLL WRAP VINTAGE SPOT ,3426.33,2697
23536,VILLAGE SHOW WALL ART,3418.33,622
22760,"TRAY, BREAKFAST IN BED",3417.16,269
22300,COFFEE MUG DOG + BALL DESIGN,3411.7599999999998,1529
47567B,TEA TIME KITCHEN APRON,3409.8500000000004,601
22782,SET 3 WICKER STORAGE BASKETS ,3399.95,241
23210,WHITE ROCKING HORSE HAND PAINTED,3398.02,2702
22311,OFFICE MUG WARMER BLACK+SILVER ,3397.86,1130
22029,SPACEBOY BIRTHDAY CARD,3392.61,8173
23014,GLASS APOTHECARY BOTTLE ELIXIR,3391.9300000000003,849
23156,SET OF 5 MINI GROCERY MAGNETS,3387.9300000000003,1648
84509A,SET OF 4 ENGLISH ROSE PLACEMATS,3383.53,887
23354,6 GIFT TAGS 50'S CHRISTMAS ,3382.0899999999997,3683
79000,MOROCCAN TEA GLASS,3371.69,4177
22180,RETROSPOT LAMP,3366.69,314
22563,HAPPY STENCIL CRAFT,3356.9300000000003,2830
22687,DOORMAT CHRISTMAS VILLAGE,3354.22,590
21993,FLORAL FOLK STATIONERY SET,3348.34,1931
82580,BATHROOM METAL SIGN,3347.31,5593
21429,RED GINGHAM ROSE JEWELLERY BOX,3324.85,1702
22432,WATERING CAN PINK BUNNY,3323.3199999999997,1706
22653,BUTTON BOX ,3321.95,1847
22165,"DIAMANTE HEART SHAPED WALL MIRROR, ",3315.45,414
84032A,CHARLIE+LOLA PINK HOT WATER BOTTLE,3308.28,977
22079,RIBBON REEL HEARTS DESIGN ,3298.89,1881
22855,FINE WICKER HEART ,3289.23,2632
23239,SET OF 4 KNICK KNACK TINS POPPIES,3283.69,825
23395,BELLE JARDINIERE CUSHION COVER,3279.58,754
23308,SET OF 60 VINTAGE LEAF CAKE CASES ,3279.21,6151
22460,EMBOSSED GLASS TEALIGHT HOLDER,3266.0,2540
23053,RECYCLED ACAPULCO MAT PINK,3254.32,364
22567,20 DOLLY PEGS RETROSPOT,3249.6,2444
22244,3 HOOK HANGER MAGIC GARDEN,3248.91,1689
22187,GREEN CHRISTMAS TREE CARD HOLDER,3230.98,1262
21463,MIRRORED DISCO BALL ,3230.05,609
22962,JAM JAR WITH PINK LID,3221.94,3818
22746,POPPY'S PLAYHOUSE LIVINGROOM ,3219.7400000000002,1439
20973,12 PENCIL SMALL TUBE WOODLAND,3213.5200000000004,4502
23035,DRAWER KNOB CERAMIC IVORY,3213.04,2200
22967,SET 3 SONG BIRD PAPER EGGS ASSORTED,3212.4100000000003,1151
23051,RECYCLED ACAPULCO MAT BLUE,3206.99,363
23230,WRAP ALPHABET DESIGN,3196.92,7926
23342,MINT DINER WALL CLOCK,3184.91,374
22491,PACK OF 12 COLOURED PENCILS,3183.6299999999997,3947
21115,ROSE CARAVAN DOORSTOP,3174.84,566
22430,ENAMEL WATERING CAN CREAM,3167.09,602
21868,POTTING SHED TEA MUG,3162.84,2394
23393,HOME SWEET HOME CUSHION COVER ,3151.66,786
23323,WHITE WICKER STAR ,3148.88,1470
21561,DINOSAUR LUNCH BOX WITH CUTLERY,3122.2799999999997,1279
22236,CAKE STAND 3 TIER MAGIC GARDEN,3115.6499999999996,263
22465,HANGING METAL STAR LANTERN,3110.9399999999996,2033
23346,SPACEBOY BEAKER,3109.84,2626
21381,MINI WOODEN HAPPY BIRTHDAY GARLAND,3095.75,1790
20754,RETROSPOT RED WASHING UP GLOVES,3088.86,1457
21240,BLUE POLKADOT CUP,3082.47,3537
20828,GLITTER BUTTERFLY CLIPS,3079.88,1130
21135,VICTORIAN  METAL POSTCARD SPRING,3078.97,2574
23461,SWEETHEART BIRD HOUSE,3066.11,853
84997b,RED 3 PIECE RETROSPOT CUTLERY SET,3052.9199999999996,364
23329,DECORATIVE WICKER HEART LARGE,3051.39,1775
22604,SET OF 4 NAPKIN CHARMS CUTLERY,3044.76,1253
23390,DOLLY GIRL MINI BACKPACK,3038.04,750
22894,TABLECLOTH RED APPLES DESIGN ,3027.3799999999997,305
22972,CHILDREN'S SPACEBOY MUG,3016.49,1764
22592,CARDHOLDER HOLLY WREATH METAL,3013.62,656
84968A,SET OF 16 VINTAGE ROSE CUTLERY,3011.7999999999997,257
23231,WRAP DOILEY DESIGN,3008.34,7277
85184C,S/4 VALENTINE DECOUPAGE HEART BOX,2997.64,1656
21714,CITRONELLA CANDLE GARDEN POT,2993.15,1637
22644,CERAMIC CHERRY CAKE MONEY BANK,2986.97,2214
21201,TROPICAL  HONEYCOMB PAPER GARLAND ,2985.27,1239
23242,TREASURE TIN BUFFALO BILL ,2980.9500000000003,1449
16161P,WRAP ENGLISH ROSE ,2980.42,7201
22331,WOODLAND PARTY BAG + STICKER SET,2971.8399999999997,1838
21625,VINTAGE UNION JACK APRON,2967.31,411
22906,12 MESSAGE CARDS WITH ENVELOPES,2957.77,1739
21411,GINGHAM HEART  DOORSTOP RED,2956.5299999999997,787
21810,CHRISTMAS HANGING STAR WITH BELL,2949.04,5886
22078,RIBBON REEL LACE DESIGN ,2948.41,1381
21918,SET 12 KIDS COLOUR  CHALK STICKS,2943.95,7184
85174,S/4 CACTI CANDLES,2932.73,614
22360,GLASS JAR ENGLISH CONFECTIONERY,2925.57,911
22778,GLASS CLOCHE SMALL,2923.7,744
84568,GIRLS ALPHABET IRON ON PATCHES ,2923.13,13882
22892,SET OF SALT AND PEPPER TOADSTOOLS,2913.91,2382
22777,GLASS BELL JAR LARGE,2909.88,347
22810,SET OF 6 T-LIGHTS SNOWMEN,2905.5800000000004,898
23211,RED ROCKING HORSE HAND PAINTED,2903.07,2307
23290,SPACEBOY CHILDRENS BOWL,2886.6000000000004,2427
21112,"SWISS ROLL TOWEL, PINK  SPOTS",2885.13,1359
22656,VINTAGE BLUE KITCHEN CABINET,2885.0,20
21313,GLASS HEART T-LIGHT HOLDER ,2882.8999999999996,3305
23345, DOLLY GIRL BEAKER,2882.5,2448
22774,RED DRAWER KNOB ACRYLIC EDWARDIAN,2881.94,2262
21976,PACK OF 60 MUSHROOM CAKE CASES,2871.0,5201
21990,MODERN FLORAL STATIONERY SET,2865.45,1667
23504,PLAYING CARDS JUBILEE UNION JACK,2857.64,1934
22354,RETROSPOT PADDED SEAT CUSHION,2857.59,749
23427,STOOL HOME SWEET HOME ,2850.18,236
22843,BISCUIT TIN VINTAGE GREEN,2843.77,441
22965,3 TRADITIONAL COOKIE CUTTERS  SET,2835.01,1335
23196,RETRO LEAVES MAGNETIC NOTEPAD,2829.19,1863
22945,CHRISTMAS METAL TAGS ASSORTED ,2818.54,2745
22426,ENAMEL WASH BOWL CREAM,2813.96,731
22476,EMPIRE UNION JACK TV DINNER TRAY,2804.56,873
21563,RED HEART SHAPE LOVE BUCKET ,2803.13,1395
35004B,SET OF 3 BLACK FLYING DUCKS,2798.01,547
23212,HEART WREATH DECORATION WITH BELL,2790.89,2240
23396,BUTTERFLY CUSHION COVER,2765.5299999999997,658
21109,"LARGE CAKE TOWEL, CHOCOLATE SPOTS",2765.15,937
22072,RED RETROSPOT TEA CUP AND SAUCER ,2759.92,835
23190,BUNDLE OF 3 SCHOOL EXERCISE BOOKS  ,2758.5999999999995,1700
22224,WHITE LOVEBIRD LANTERN,2755.21,831
22773,GREEN DRAWER KNOB ACRYLIC EDWARDIAN,2754.4,2087
23341,PINK DINER WALL CLOCK,2749.85,308
22380,TOY TIDY SPACEBOY  ,2746.16,1279
22794,SWEETHEART WIRE MAGAZINE RACK,2745.15,321
22823,CHEST NATURAL WOOD 20 DRAWERS,2745.0,24
23266,SET OF 3 WOODEN STOCKING DECORATION,2742.57,2052
23100,SILVER BELLS TABLE DECORATION,2741.88,2168
21985,PACK OF 12 HEARTS DESIGN TISSUES ,2737.6299999999997,8803
21499,BLUE POLKADOT WRAP,2737.34,6727
22196,SMALL HEART MEASURING SPOONS,2735.1299999999997,2824
23147,SINGLE ANTIQUE ROSE HOOK IVORY,2733.35,1855
22925,BLUE GIANT GARDEN THERMOMETER,2715.82,442
23164,REGENCY CAKE SLICE,2713.7000000000003,577
47599B,BLUE PARTY BAGS ,2713.12,1428
22974,CHILDRENS DOLLY GIRL MUG,2711.5399999999995,1587
22283,6 EGG HOUSE PAINTED WOOD,2710.53,297
23489,"GARLAND, VINTAGE BELLS",2709.23,913
23333,IVORY WICKER HEART MEDIUM,2706.7,2098
84832,ZINC WILLIE WINKIE  CANDLE STICK,2703.35,2922
23264,SET OF 3 WOODEN SLEIGH DECORATIONS,2693.31,1965
21239,PINK  POLKADOT CUP,2691.19,2997
22963,JAM JAR WITH GREEN LID,2687.98,3176
22702,BLACK AND WHITE CAT BOWL,2684.6499999999996,1363
22278,OVERNIGHT BAG VINTAGE ROSE PAISLEY,2679.6,400
22660,DOORMAT I LOVE LONDON,2678.96,364
23292,SPACE BOY CHILDRENS CUP,2678.33,2161
23407,SET OF 2 TRAYS HOME SWEET HOME,2669.6299999999997,261
21811,CHRISTMAS HANGING HEART WITH BELL,2668.68,4806
22691,DOORMAT WELCOME SUNRISE,2662.57,369
22433,WATERING CAN GREEN DINOSAUR,2661.6499999999996,1391
84997d,PINK 3 PIECE POLKADOT CUTLERY SET,2657.79,319
22045,SPACEBOY GIFT WRAP,2652.34,6477
22930,BAKING MOULD HEART MILK CHOCOLATE,2647.75,1013
35961,FOLKART ZINC HEART CHRISTMAS DEC,2640.0099999999998,2998
22241,GARLAND WOODEN HAPPY EASTER,2637.12,1974
22329,ROUND CONTAINER SET OF 5 RETROSPOT,2635.49,1587
22792,FLUTED ANTIQUE CANDLE HOLDER,2633.1299999999997,2797
22737,RIBBON REEL CHRISTMAS PRESENT ,2629.8,1349
72807C,SET/3 VANILLA SCENTED CANDLE IN BOX,2628.35,587
22927,GREEN GIANT GARDEN THERMOMETER,2621.4100000000003,416
22582,PACK OF 6 SWEETIE GIFT BOXES,2618.75,1049
22797,CHEST OF DRAWERS GINGHAM HEART ,2614.06,149
23054,RECYCLED ACAPULCO MAT LAVENDER,2613.18,296
21012,ANTIQUE ALL GLASS CANDLESTICK,2611.95,1168
22830,UTILTY CABINET WITH HOOKS,2610.29,131
22833,HALL CABINET WITH 3 DRAWERS,2603.5299999999997,76
22902,TOTE BAG I LOVE LONDON,2599.6800000000003,1272
22564,ALPHABET STENCIL CRAFT,2599.3500000000004,2265
22175,PINK OWL SOFT TOY,2594.23,877
21500,PINK POLKADOT WRAP ,2593.0,6350
22610,PENS ASSORTED FUNNY FACE,2578.24,9608
22805,BLUE DRAWER KNOB ACRYLIC EDWARDIAN,2577.28,1891
22822,CREAM WALL PLANTER HEART SHAPED,2576.8,432
22700,BLACK AND WHITE DOG BOWL,2576.7799999999997,1176
84596B,SMALL DOLLY MIX DESIGN ORANGE BOWL,2563.7999999999997,5062
22361,GLASS JAR DAISY FRESH COTTON WOOL,2563.23,717
22130,PARTY CONE CHRISTMAS DECORATION ,2560.0999999999995,2132
47559B,TEA TIME OVEN GLOVE,2551.15,2050
22762,CUPBOARD 3 DRAWER MA CAMPAGNE,2541.13,153
21078,SET/20 STRAWBERRY PAPER NAPKINS ,2540.39,2780
22937,BAKING MOULD CHOCOLATE CUPCAKES,2535.19,961
22358,KINGS CHOICE TEA CADDY ,2533.52,692
72351A,SET/6 TURQUOISE BUTTERFLY T-LIGHTS,2528.15,1278
23681,LUNCH BAG RED VINTAGE DOILY,2526.69,1577
23424,GINGHAM RECIPE BOOK BOX,2524.4700000000003,465
20829,GLITTER HANGING BUTTERFLY STRING,2519.79,1195
21556,CERAMIC STRAWBERRY MONEY BOX,2512.97,976
22670,FRENCH WC SIGN BLUE METAL,2511.75,1878
23316,RED REFECTORY CLOCK ,2501.64,250
21107,CREAM SLICE FLANNEL PINK SPOT ,2501.56,904
85178,VICTORIAN SEWING KIT,2500.98,2230
22064,PINK DOUGHNUT TRINKET POT ,2498.6,1698
23146,TRIPLE HOOK ANTIQUE IVORY ROSE,2491.03,751
23367,SET 12 COLOUR PENCILS SPACEBOY ,2485.35,3269
22672,FRENCH BATHROOM SIGN BLUE METAL,2484.8199999999997,1460
22075,6 RIBBONS ELEGANT CHRISTMAS ,2483.54,1788
21903,MAN FLU METAL SIGN,2467.03,1149
21452,TOADSTOOL MONEY BOX,2465.96,788
22215,CAKE STAND WHITE TWO TIER LACE,2454.39,341
21730,GLASS STAR FROSTED T-LIGHT HOLDER,2450.78,504
23352,ROLL WRAP 50'S RED CHRISTMAS ,2447.95,1791
85062,PEARL CRYSTAL PUMPKIN T-LIGHT HLDR,2442.7,1470
22807,SET OF 6 T-LIGHTS TOADSTOOLS,2428.1800000000003,825
22573,STAR WOODEN CHRISTMAS DECORATION,2427.25,2689
22374,AIRLINE BAG VINTAGE JET SET RED,2423.27,545
21328,BALLOONS  WRITING SET ,2418.68,1342
22811,SET OF 6 T-LIGHTS CACTI ,2416.34,880
22437,SET OF 9 BLACK SKULL BALLOONS,2410.44,2820
23406,HOME SWEET HOME KEY HOLDER,2410.1600000000003,454
23265,SET OF 3 WOODEN TREE DECORATIONS,2404.79,1769
22743,MAKE YOUR OWN FLOWERPOWER CARD KIT,2402.6400000000003,928
23400,SHELF WITH 4 HOOKS HOME SWEET HOME,2396.84,459
21875,KINGS CHOICE MUG,2394.38,2027
21781,MA CAMPAGNE CUTLERY BOX,2393.6,148
84796B,BLUE SAVANNAH PICNIC HAMPER FOR 2,2393.5899999999997,256
22990,COTTON APRON PANTRY DESIGN,2388.48,512
84969,BOX OF 6 ASSORTED COLOUR TEASPOONS,2381.02,556
22440,BALLOON WATER BOMB PACK OF 35,2380.92,6024
20978,36 PENCILS TUBE SKULLS,2380.05,1783
23498,CLASSIC BICYCLE CLIPS ,2378.4799999999996,1644
20983,12 PENCILS TALL TUBE RED RETROSPOT,2376.5099999999998,2739
23028,DRAWER KNOB CRACKLE GLAZE BLUE,2375.48,1368
84997c,BLUE 3 PIECE POLKADOT CUTLERY SET,2374.4399999999996,284
23437, 50'S CHRISTMAS GIFT BAG LARGE,2371.13,1937
22282,12 EGG HOUSE PAINTED WOOD,2365.77,148
22851,SET 20 NAPKINS FAIRY CAKES DESIGN ,2364.39,2736
22548,HEADS AND TAILS SPORTING FUN,2351.44,1977
22167, OVAL WALL MIRROR DIAMANTE ,2351.3199999999997,232
23436,GIFT BAG LARGE VINTAGE CHRISTMAS,2348.64,1964
21495,SKULLS AND CROSSBONES WRAP,2345.5,5775
23412,HEART MIRROR ANTIQUE WHITE,2339.8,356
22939,APRON APPLE DELIGHT,2338.2200000000003,458
23401,RUSTIC MIRROR WITH LACE HEART,2336.12,456
37500,TEA TIME TEAPOT IN GIFT BOX,2335.83,377
16156S,WRAP PINK FAIRY CAKES ,2331.0,5800
22425,ENAMEL COLANDER CREAM,2316.42,454
23371,SET 36 COLOUR PENCILS SPACEBOY ,2313.53,1712
22483,RED GINGHAM TEDDY BEAR ,2311.79,773
21700,BIG DOUGHNUT FRIDGE MAGNETS,2304.3399999999997,1690
21982,PACK OF 12 SUKI TISSUES ,2303.75,7611
84950,ASSORTED COLOUR T-LIGHT HOLDER,2298.73,3621
84032B,CHARLIE + LOLA RED HOT WATER BOTTLE,2296.94,873
23360,SET 8 CANDLES VINTAGE DOILEY,2296.15,1187
22441,GROW YOUR OWN BASIL IN ENAMEL MUG,2295.01,1048
22736,RIBBON REEL MAKING SNOWMEN ,2293.8,1220
23330,DECORATIVE WICKER HEART MEDIUM,2291.97,1798
22185,SLATE TILE NATURAL HANGING,2291.4399999999996,1510
23197,SKETCHBOOK MAGNETIC SHOPPING LIST,2287.5499999999997,1467
21896,POTTING SHED TWINE,2269.34,978
23029,DRAWER KNOB CRACKLE GLAZE GREEN,2257.72,1324
85175,CACTI T-LIGHT CANDLES,2251.18,5255
23128,FELTCRAFT BOY JEAN-PAUL KIT,2248.76,446
22933,BAKING MOULD EASTER EGG MILK CHOC,2248.1200000000003,784
23048,SET OF 10 LANTERNS FAIRY LIGHT STAR,2248.02,548
22030,SWALLOWS GREETING CARD,2247.97,5551
21813,GARLAND WITH STARS AND BELLS,2245.82,542
22914,BLUE COAT RACK PARIS FASHION,2241.4100000000003,463
23326,HANGING MINI COLOURED BOTTLES,2237.71,3443
20977,36 PENCILS TUBE WOODLAND,2237.39,1666
23093,SMALL PARISIENNE HEART PHOTO FRAME ,2236.75,938
21989,PACK OF 20 SKULL PAPER NAPKINS,2235.65,2412
22829,SWEETHEART WIRE WALL TIDY,2227.43,219
23438, RED SPOT GIFT BAG LARGE,2227.42,1823
23501,KEY RING BASEBALL BOOT UNION JACK,2220.37,1823
22601,CHRISTMAS RETROSPOT ANGEL WOOD,2218.98,2478
22478,BIRDHOUSE GARDEN MARKER ,2218.12,1543
21471,STRAWBERRY RAFFIA FOOD COVER,2213.09,637
82494l,WOODEN FRAME ANTIQUE WHITE ,2211.6,264
10135,COLOURING PENCILS BROWN TUBE,2206.14,2230
23064,CINDERELLA CHANDELIER ,2203.51,150
21794,CLASSIC FRENCH STYLE BASKET NATURAL,2201.57,519
21900,"KEY FOB , SHED",2197.82,3229
23403,LETTER HOLDER HOME SWEET HOME,2196.61,623
21735,TWO DOOR CURIO CABINET,2194.5,179
22983,CARD BILLBOARD FONT,2192.84,5121
46000S,POLYESTER FILLER PAD 40x40cm,2192.4,1512
85038,6 CHOCOLATE LOVE HEART T-LIGHTS,2179.6600000000003,1065
21042,RED RETROSPOT APRON ,2171.07,329
21592,RETROSPOT CIGAR BOX MATCHES ,2164.46,2162
22732,3D VINTAGE CHRISTMAS STICKERS ,2162.75,1645
21878,PACK OF 6 SANDCASTLE FLAGS ASSORTED,2162.0,2511
23445,ICE CREAM BUBBLES,2161.24,2668
21249,WOODLAND  HEIGHT CHART STICKERS ,2160.0,724
22121,NOEL WOODEN BLOCK LETTERS ,2159.7000000000003,352
23370,SET 36 COLOUR PENCILS DOILEY,2156.6,1554
22377,BOTTLE BAG RETROSPOT ,2153.08,1321
23252,VINTAGE RED ENAMEL TRIM JUG ,2152.86,574
11001,ASSTD DESIGN RACING CAR PEN,2152.39,1430
23031,DRAWER KNOB CRACKLE GLAZE PINK,2148.9999999999995,1276
22704,WRAP RED APPLES ,2147.76,5228
23005,TRAVEL CARD WALLET I LOVE LONDON,2147.13,4782
37448,CERAMIC CAKE DESIGN SPOTTED MUG,2147.0299999999997,1411
82581,TOILET METAL SIGN,2144.73,3862
23302,KNEELING MAT HOUSEWORK  DESIGN,2140.3799999999997,1508
22763,KEY CABINET MA CAMPAGNE,2136.52,202
40016,CHINESE DRAGON PAPER LANTERNS,2136.34,5556
23161,REGENCY CAKE FORK,2130.3,1703
23066,SMALL DECO JEWELLERY STAND,2129.56,258
23213,STAR WREATH DECORATION WITH BELL,2124.67,1671
84356,POMPOM CURTAIN,2124.15,424
22498,WOODEN REGATTA BUNTING,2121.9900000000002,334
23020,GLASS  SONGBIRD STORAGE JAR,2118.19,174
23079,TOADSTOOL BEDSIDE LIGHT ,2118.0499999999997,239
21718,RED METAL BEACH SPADE ,2113.39,1493
72802C,VANILLA SCENT CANDLE JEWELLED BOX,2112.63,891
23046,PAPER LANTERN 9 POINT DELUXE STAR,2111.4900000000002,349
22571,ROCKING HORSE RED CHRISTMAS ,2111.2599999999998,2332
22973,CHILDREN'S CIRCUS PARADE MUG,2109.6099999999997,1239
20751,FUNKY WASHING UP GLOVES ASSORTED,2106.6200000000003,1002
22357,KINGS CHOICE BISCUIT TIN,2098.54,450
21506,"FANCY FONT BIRTHDAY CARD, ",2095.97,4946
22733,3D TRADITIONAL CHRISTMAS STICKERS,2095.08,1583
23233,WRAP POPPIES  DESIGN,2095.0,5150
21609,SET 12 LAVENDER  BOTANICAL T-LIGHTS,2089.64,764
22996,TRAVEL CARD WALLET VINTAGE TICKET,2089.05,4787
21980,PACK OF 12 RED RETROSPOT TISSUES ,2083.48,6555
22107,PIZZA PLATE IN BOX,2081.81,573
22747,POPPY'S PLAYHOUSE BATHROOM,2074.55,951
22831,WHITE BROCANTE SOAP DISH,2070.9,706
22955,36 FOIL STAR CAKE CASES ,2070.15,1048
23152,IVORY SWEETHEART WIRE LETTER RACK ,2069.4,551
22744,MAKE YOUR OWN MONSOON CARD KIT,2067.94,862
22574,HEART WOODEN CHRISTMAS DECORATION,2063.8999999999996,2144
23227,FILIGREE HEART BUTTERFLY WHITE ,2062.56,1636
22059,CERAMIC STRAWBERRY DESIGN MUG,2058.48,1766
22128,PARTY CONES CANDY ASSORTED,2057.53,1706
22055,MINI CAKE STAND  HANGING STRAWBERY,2048.74,1354
23291,DOLLY GIRL CHILDRENS CUP,2047.78,1625
23500,KEY RING BASEBALL BOOT ASSORTED ,2044.58,1631
23490,T-LIGHT HOLDER HANGING LOVE BIRD,2044.02,545
47504K,ENGLISH ROSE GARDEN SECATEURS,2039.97,2007
22863,SOAP DISH BROCANTE,2038.28,708
22803,IVORY EMBROIDERED QUILT ,2038.0900000000001,54
23251,VINTAGE RED ENAMEL TRIM MUG ,2034.5,1655
37450,CERAMIC CAKE BOWL + HANGING CAKES,2030.19,681
22156,HEART DECORATION WITH PEARLS ,2026.62,2093
20674,GREEN POLKADOT BOWL,2024.98,1570
22414,DOORMAT NEIGHBOURHOOD WITCH ,2022.19,277
22070,SMALL RED RETROSPOT MUG IN BOX ,2021.61,653
22115,METAL SIGN EMPIRE TEA,2020.91,1549
23529,DOLLY GIRL WALL ART,2011.9900000000002,637
22080,RIBBON REEL POLKADOTS ,2011.73,1211
23274,STAR T-LIGHT HOLDER WILLIE WINKIE,2004.9999999999998,1180
23268,SET OF 2 CERAMIC CHRISTMAS REINDEER,2002.1899999999998,1436
21864,UNION JACK FLAG PASSPORT COVER ,2001.79,809
23289,DOLLY GIRL CHILDRENS BOWL,1998.7,1610
22891,TEA FOR ONE POLKADOT,1997.68,394
23315,IVORY REFECTORY CLOCK,1996.44,201
23357,HOT WATER BOTTLE SEX BOMB,1993.6000000000001,453
22602,CHRISTMAS RETROSPOT HEART WOOD,1991.57,2177
85049G,CHOCOLATE BOX RIBBONS ,1990.44,1601
22593,CHRISTMAS GINGHAM STAR,1983.6599999999999,2121
22477,WATERING CAN GARDEN MARKER,1979.15,1373
23068,ALUMINIUM STAMPED HEART,1976.89,813
84880,WHITE WIRE EGG HOLDER,1972.64,305
22788,BROCANTE COAT RACK,1969.16,214
23145,ZINC T-LIGHT HOLDER STAR LARGE,1969.0299999999997,2073
22931,BAKING MOULD HEART WHITE CHOCOLATE,1968.4,815
20992,JAZZ HEARTS PURSE NOTEBOOK,1965.81,4451
21916,SET 12 RETRO WHITE CHALK STICKS,1963.83,4576
22859,EASTER TIN BUNNY BOUQUET,1960.1699999999998,1177
22928,YELLOW GIANT GARDEN THERMOMETER,1958.05,282
51014A,"FEATHER PEN,HOT PINK",1957.58,3818
15039,SANDALWOOD FAN,1957.3899999999999,2065
22897,OVEN MITT APPLES DESIGN,1955.1,1310
85123a,WHITE HANGING HEART T-LIGHT HOLDER,1952.4799999999998,292
23374,RED SPOT PAPER GIFT BAG,1949.7099999999998,2440
84596F,SMALL MARSHMALLOWS PINK BOWL,1945.28,3732
22639,SET OF 4 NAPKIN CHARMS HEARTS,1937.7099999999998,806
22412,METAL SIGN NEIGHBOURHOOD WITCH ,1933.9500000000003,912
21591,COSY HOUR CIGAR BOX MATCHES ,1933.6399999999999,1324
22101,MIRROR MOSAIC VOTIVE HOLDER,1926.81,1114
21192,WHITE BELL HONEYCOMB PAPER ,1924.9399999999998,1093
21622,VINTAGE UNION JACK CUSHION COVER,1923.24,368
84031A,CHARLIE+LOLA RED HOT WATER BOTTLE ,1922.16,411
23235,STORAGE TIN VINTAGE LEAF,1917.23,725
20963,APPLE BATH SPONGE,1913.67,1338
22291,HANGING CHICK CREAM DECORATION,1911.82,1293
22579,WOODEN TREE CHRISTMAS SCANDINAVIAN,1907.2899999999997,5074
22183,CAKE STAND VICTORIAN FILIGREE MED,1907.0600000000002,320
84968F,SET OF 16 VINTAGE SKY BLUE CUTLERY,1905.6799999999998,177
22594,CHRISTMAS GINGHAM TREE,1904.9199999999998,2005
22824,3 TIER SWEETHEART GARDEN SHELF,1902.3000000000002,54
23094,LE GRAND TRAY CHIC SET,1899.92,150
37446,MINI CAKE STAND WITH HANGING CAKES,1897.3899999999999,1292
22199,FRYING PAN RED RETROSPOT,1893.84,460
22509,SEWING BOX RETROSPOT DESIGN ,1893.24,195
85061W,WHITE JEWELLED HEART DECORATION,1891.4999999999998,2157
23491,VINTAGE JINGLE BELLS HEART,1889.51,227
23394,POSTE FRANCE CUSHION COVER,1888.9,438
22959,WRAP CHRISTMAS VILLAGE,1888.42,4601
23358,HOT STUFF HOT WATER BOTTLE,1886.19,557
22312,OFFICE MUG WARMER POLKADOT,1885.5900000000001,623
23434,3 RAFFIA RIBBONS 50'S CHRISTMAS ,1884.17,2095
20982,12 PENCILS TALL TUBE SKULLS,1881.52,2152
23359,SET OF 12 T-LIGHTS VINTAGE DOILEY,1872.31,993
22534,MAGIC DRAWING SLATE SPACEBOY ,1870.28,4494
22935,BAKING MOULD ROSE MILK CHOCOLATE,1868.82,618
70006,LOVE HEART POCKET WARMER,1865.6299999999999,2703
22186,RED STAR CARD HOLDER,1865.33,795
23090,VINTAGE GLASS T-LIGHT HOLDER,1863.3899999999999,2229
21988,PACK OF 6 SKULL PAPER PLATES,1862.75,2321
22858,EASTER TIN KEEPSAKE,1849.2299999999998,1119
15058B,PINK POLKADOT GARDEN PARASOL,1847.9199999999998,223
23525,BUFFALO BILL WALL ART ,1845.0700000000002,577
21068,VINTAGE BILLBOARD LOVE/HATE MUG,1844.67,1596
21534,DAIRY MAID LARGE MILK JUG,1844.5300000000002,363
21557,SET OF 6 FUNKY BEAKERS,1843.6100000000001,551
23378,PACK OF 12 50'S CHRISTMAS TISSUES,1842.42,4003
16169E,WRAP 50'S  CHRISTMAS,1839.96,4438
23075,DOUBLE CERAMIC PARLOUR HOOK,1839.95,443
22944,CHRISTMAS METAL POSTCARD WITH BELLS,1837.71,3362
22651,GENTLEMAN SHIRT REPAIR KIT ,1837.4699999999998,2166
22428,ENAMEL FIRE BUCKET CREAM,1833.91,243
22712,CARD DOLLY GIRL ,1831.86,4458
21870,I CAN ONLY PLEASE ONE PERSON MUG,1828.96,1389
22452,MEASURING TAPE BABUSHKA PINK,1828.16,745
22364,GLASS JAR DIGESTIVE BISCUITS,1827.72,552
21564,PINK  HEART SHAPE LOVE BUCKET ,1823.5700000000002,1039
21034,REX CASH+CARRY JUMBO SHOPPER,1822.1,1918
22027,TEA PARTY BIRTHDAY CARD,1821.87,4224
22223,CAKE PLATE LOVEBIRD PINK,1821.6100000000001,441
72807B,SET/3 OCEAN SCENT CANDLE JEWEL BOX,1817.96,394
15044D,RED PAPER PARASOL,1817.21,643
72807A,SET/3 ROSE CANDLE IN JEWELLED BOX,1811.57,385
23228,FILIGREE HEART BIRD WHITE ,1810.24,1348
23148,MINIATURE ANTIQUE ROSE HOOK IVORY,1809.6699999999998,2131
21713,CITRONELLA CANDLE FLOWERPOT,1804.2900000000002,779
15060B,FAIRY CAKE DESIGN UMBRELLA,1803.8,450
23160,REGENCY TEA SPOON,1801.98,1456
22198,LARGE POPCORN HOLDER ,1801.56,982
21114,LAVENDER SCENTED FABRIC HEART,1796.83,1356
22200,FRYING PAN PINK POLKADOT,1794.48,394
21245,GREEN POLKADOT PLATE ,1792.27,1078
23317,BLUE REFECTORY CLOCK ,1787.4099999999999,174
23155,KNICKERBOCKERGLORY MAGNET ASSORTED ,1785.02,2064
85035C,ROSE 3 WICK MORRIS BOX CANDLE,1779.41,1152
22562,MONSTERS STENCIL CRAFT,1773.3700000000001,1421
23096,PETIT TRAY CHIC,1759.7899999999997,1047
22119,PEACE WOODEN BLOCK LETTERS,1759.6200000000001,350
21832,CHOCOLATE CALCULATOR,1758.7499999999998,935
22536,MAGIC DRAWING SLATE PURDEY,1757.3899999999999,4624
22314,OFFICE MUG WARMER CHOC+BLUE,1756.17,569
22710,WRAP I LOVE LONDON ,1753.42,4451
21584,RETROSPOT SMALL TUBE MATCHES,1753.25,1065
23399,HOME SWEET HOME HANGING HEART,1752.35,1922
21056,DOCTOR'S BAG SOFT TOY,1747.5,182
23101,SILVER STARS TABLE DECORATION,1744.61,2037
22932,BAKING MOULD TOFFEE CUP CHOCOLATE,1738.08,764
21873,IF YOU CAN'T STAND THE HEAT MUG,1737.98,1530
22588,CARD HOLDER GINGHAM HEART,1737.44,492
22852,DOG BOWL VINTAGE CREAM,1736.6299999999999,385
21899,"KEY FOB , GARAGE DESIGN",1733.27,2641
23372,SET 36 COLOUR PENCILS DOLLY GIRL,1732.79,1375
85034C,3 ROSE MORRIS BOXED CANDLES,1732.0,1113
21055,TOOL BOX SOFT TOY ,1728.84,174
21329,DINOSAURS  WRITING SET ,1728.6399999999999,944
47570B,TEA TIME TABLE CLOTH,1727.23,185
20981,12 PENCILS TALL TUBE WOODLAND,1726.12,1957
23122,PARTY CHARMS 50 PIECES,1725.26,2250
85015,SET OF 12  VINTAGE POSTCARD SET,1719.8400000000001,2182
35004C,SET OF 3 COLOURED  FLYING DUCKS,1717.5000000000002,358
23244,ROUND STORAGE TIN VINTAGE LEAF,1717.0299999999997,927
22037,ROBOT BIRTHDAY CARD,1715.48,3977
22816,CARD MOTORBIKE SANTA,1706.8799999999999,4023
22227,HANGING HEART MIRROR DECORATION ,1706.77,2339
22832,BROCANTE SHELF WITH HOOKS,1706.57,155
23073,GEORGIAN TRINKET BOX,1706.5,143
23214,JINGLE BELL HEART ANTIQUE GOLD,1705.44,794
22986,GINGHAM ROSE WRAP,1701.6,4080
23181,BULL DOG BOTTLE TOP WALL CLOCK,1700.57,197
22934,BAKING MOULD EASTER EGG WHITE CHOC,1698.6200000000001,586
21917,SET 12 KIDS  WHITE CHALK STICKS,1698.57,4143
22544,MINI JIGSAW SPACEBOY,1698.12,4478
37340,MULTICOLOUR SPRING FLOWER MUG,1694.6899999999998,2541
21544,SKULLS  WATER TRANSFER TATTOOS ,1690.23,1975
21586,KINGS CHOICE GIANT TUBE MATCHES,1688.7,730
20961,STRAWBERRY BATH SPONGE ,1686.68,1185
21207,SKULL AND CROSSBONES  GARLAND ,1686.4999999999998,1068
22789,T-LIGHT HOLDER SWEETHEART HANGING,1686.27,859
51008,AFGHAN SLIPPER SOCK PAIR,1683.65,517
21812,GARLAND WITH HEARTS AND BELLS,1681.92,380
22674,FRENCH TOILET SIGN BLUE METAL,1681.47,1337
23368,SET 12 COLOUR PENCILS DOLLY GIRL ,1677.6000000000001,2376
16161U,WRAP SUKI AND FRIENDS,1677.0,4050
22419,LIPSTICK PEN RED,1674.36,3341
22335,HEART DECORATION PAINTED ZINC ,1672.7900000000002,2386
23366,SET 12 COLOURING PENCILS DOILY,1670.55,2253
22076,6 RIBBONS EMPIRE  ,1669.5299999999997,1260
23505,PLAYING CARDS I LOVE LONDON ,1660.04,1207
21578,WOODLAND DESIGN  COTTON TOTE BAG,1660.01,747
22479,DAISY GARDEN MARKER,1658.57,1139
22220,CAKE STAND LOVEBIRD 2 TIER WHITE,1657.7,210
22913,RED COAT RACK PARIS FASHION,1653.3500000000001,348
21981,PACK OF 12 WOODLAND TISSUES ,1652.6299999999999,5475
21111,"SWISS ROLL TOWEL, CHOCOLATE  SPOTS",1652.27,901
47566b,TEA TIME PARTY BUNTING,1651.1499999999999,199
23270,SET OF 2 CERAMIC PAINTED HEARTS ,1650.6699999999998,1177
21577,SAVE THE PLANET COTTON TOTE BAG,1649.15,713
84968D,SET OF 16 VINTAGE RED CUTLERY,1648.72,156
21845,DAIRY MAID STRIPE MUG,1645.45,1855
22526,WHEELBARROW FOR CHILDREN ,1643.76,119
22161,HEART DECORATION RUSTIC HANGING ,1642.6000000000001,5064
23273,HEART T-LIGHT HOLDER WILLIE WINKIE,1642.4499999999998,965
22332,SKULLS PARTY BAG + STICKER SET,1640.05,1009
22375,AIRLINE BAG VINTAGE JET SET BROWN,1639.29,349
22853,CAT BOWL VINTAGE CREAM,1636.46,466
22154,ANGEL DECORATION 3 BUTTONS ,1635.41,3742
84510A,SET OF 4 ENGLISH ROSE COASTERS,1635.32,1200
85034B,3 WHITE CHOC MORRIS BOXED CANDLES,1633.78,949
23391, I LOVE LONDON MINI BACKPACK,1632.3200000000002,390
22799,SWEETHEART WIRE FRUIT BOWL,1631.58,208
15058A,BLUE POLKADOT GARDEN PARASOL,1631.14,195
23483,HANGING  BUTTERFLY T-LIGHT HOLDER,1625.12,1318
22445,PENCIL CASE LIFE IS BEAUTIFUL,1624.7600000000002,537
22975,SPACEBOY CHILDRENS EGG CUP,1623.38,1203
22473,TV DINNER TRAY VINTAGE PAISLEY,1623.04,503
21706,FOLDING UMBRELLA RED/WHITE POLKADOT,1621.76,347
22284,HEN HOUSE DECORATION,1620.1699999999998,941
23217,LAUREL HEART ANTIQUE SILVER,1613.82,1309
23280,FOLDING BUTTERFLY MIRROR HOT PINK ,1613.33,2022
22671,FRENCH LAUNDRY SIGN BLUE METAL,1608.8999999999999,962
22292,HANGING CHICK  YELLOW DECORATION,1608.86,1139
21206,STRAWBERRY HONEYCOMB  GARLAND ,1607.62,1288
22475,SKULL DESIGN TV DINNER TRAY,1605.67,316
35953,FOLKART STAR CHRISTMAS DECORATIONS,1604.9199999999998,3558
22305,COFFEE MUG PINK PAISLEY DESIGN,1602.03,692
22095,LADS ONLY TISSUE BOX,1599.35,1641
21394,RED POLKADOT BEAKER ,1595.1899999999998,3843
23348,CHILDRENS TOY COOKING UTENSIL SET,1594.8700000000001,727
22948,METAL DECORATION NAUGHTY CHILDREN ,1594.79,1589
22166,WALL MIRROR RECTANGLE DIAMANTE PINK,1590.55,204
15056n,EDWARDIAN PARASOL NATURAL,1585.2800000000002,127
21967,PACK OF 12 SKULL TISSUES,1583.4099999999999,5275
85040A,S/4 PINK FLOWER CANDLES IN BOWL,1582.57,873
23369,SET 36 COLOUR PENCILS LOVE LONDON,1581.06,1105
46000M,POLYESTER FILLER PAD 45x45cm,1581.0,1020
21509,COWBOYS AND INDIANS BIRTHDAY CARD ,1572.28,3741
85206A,CREAM FELT EASTER EGG BASKET,1572.2299999999998,976
23287,RED VINTAGE SPOT BEAKER,1570.24,1840
22583,PACK OF 6 HANDBAG GIFT BOXES,1567.85,572
22449,SILK PURSE BABUSHKA PINK,1567.2,486
22676,FRENCH BLUE METAL DOOR SIGN 1,1567.14,1146
22085,PAPER CHAIN KIT SKULLS ,1566.99,548
22208,WOOD STAMP SET THANK YOU,1564.86,1502
21744,SNOWFLAKE PORTABLE TABLE LIGHT ,1563.5500000000002,531
85132A,CHARLIE + LOLA BISCUITS TINS,1561.77,545
84971S,SMALL HEART FLOWERS HOOK ,1560.85,1785
21913,VINTAGE SEASIDE JIGSAW PUZZLES,1554.58,395
22503,CABIN BAG VINTAGE PAISLEY,1548.27,80
20665,RED RETROSPOT PURSE ,1546.2700000000002,461
22434,BALLOON PUMP WITH 10 BALLOONS,1545.06,780
21626,VINTAGE UNION JACK PENNANT,1543.85,773
21898,POTTING SHED ROSE CANDLE,1541.11,493
10133,COLOURING PENCILS BROWN TUBE,1540.02,2857
23226,FILIGREE HEART DAISY WHITE,1536.67,1199
23524,HORSE & PONY WALL ART,1535.13,475
22176,BLUE OWL SOFT TOY,1533.93,511
21200,MULTICOLOUR HONEYCOMB PAPER GARLAND,1531.1399999999999,1119
22828,REGENCY MIRROR WITH SHUTTERS,1530.0,10
22472,TV DINNER TRAY DOLLY GIRL,1527.01,320
20985,HEART CALCULATOR,1526.16,1167
22675,FRENCH KITCHEN SIGN BLUE METAL,1525.16,1216
22494,EMERGENCY FIRST AID TIN ,1523.52,1049
84968E,SET OF 16 VINTAGE BLACK CUTLERY,1522.53,132
22600,CHRISTMAS RETROSPOT STAR WOOD,1521.1299999999999,1672
22318,FIVE HEART HANGING DECORATION,1520.9700000000003,455
22818,CARD CHRISTMAS VILLAGE,1520.16,3561
22731,3D CHRISTMAS STAMPS STICKERS ,1518.74,1158
85049C,ROMANTIC PINKS RIBBONS ,1518.19,1217
84279P,CHERRY BLOSSOM  DECORATIVE FLASK,1516.96,364
22982,PANTRY PASTRY BRUSH,1515.02,1131
20668,DISCO BALL CHRISTMAS DECORATION,1512.92,12979
84828,JUNGLE POPSICLES ICE LOLLY HOLDERS,1511.3600000000001,1079
21069,VINTAGE BILLBOARD TEA MUG,1508.71,1249
22530,MAGIC DRAWING SLATE DOLLY GIRL ,1507.64,3607
22905,CALENDAR IN SEASON DESIGN,1505.24,582
22471,TV DINNER TRAY AIR HOSTESS ,1505.02,419
23528,SPACEBOY WALL ART,1504.49,479
22985,"WRAP, BILLBOARD FONTS DESIGN",1500.44,3782
22474,SPACEBOY TV DINNER TRAY,1500.27,271
23271,CHRISTMAS TABLE CANDLE SILVER SPIKE,1499.3799999999999,1734
22285,"DECORATION HEN ON NEST, HANGING",1494.8999999999999,871
22802,FAUX FUR CHOCOLATE THROW,1494.69,88
23334,IVORY WICKER HEART SMALL,1491.75,2271
72349B,SET/6 PURPLE BUTTERFLY T-LIGHTS,1490.89,731
23559,WOODLAND BUNNIES LOLLY MAKERS,1488.65,652
84580,MOUSE TOY WITH PINK T-SHIRT,1486.18,390
21528,DAIRY MAID TRADITIONAL TEAPOT ,1485.1200000000001,204
22398,MAGNETS PACK OF 4 SWALLOWS,1484.51,2492
21327,SKULLS WRITING SET ,1484.1299999999999,864
21619,4 VANILLA BOTANICAL CANDLES,1481.4,978
21447,12 IVORY ROSE PEG PLACE SETTINGS,1476.85,968
22203,MILK PAN RED RETROSPOT,1475.63,401
23267,SET OF 4 SANTA PLACE SETTINGS,1471.95,1154
23365,SET 12 COLOUR PENCILS LOVE LONDON,1464.38,1859
21829,DINOSAUR KEYRINGS ASSORTED,1460.74,6765
22713,CARD I LOVE LONDON ,1459.2,3493
21470,FLOWER VINE RAFFIA FOOD COVER,1459.07,378
23034,DRAWER KNOB CERAMIC BLACK,1457.37,985
22696,WICKER WREATH LARGE,1456.4499999999998,731
22770,MIRROR CORNICE,1455.8799999999999,90
21361,LOVE LARGE WOOD LETTERS ,1454.96,102
15044A,PINK PAPER PARASOL ,1453.7700000000002,463
21620,SET OF 4 ROSE BOTANICAL CANDLES,1451.99,897
21191,LARGE WHITE HONEYCOMB PAPER BELL  ,1451.82,562
21352,EUCALYPTUS & PINECONE  WREATH,1450.5100000000002,369
22664,TOY TIDY DOLLY GIRL DESIGN,1447.65,701
37342,POLKADOT COFFEE CUP & SAUCER PINK,1443.33,1514
21872,GLAMOROUS  MUG,1442.26,1280
21792,CLASSIC FRENCH STYLE BASKET GREEN ,1439.77,335
37495,FAIRY CAKE BIRTHDAY CANDLE SET,1438.49,391
23392,SPACEBOY ROCKET LOLLY MAKERS,1435.51,643
23086,ZINC  STAR T-LIGHT HOLDER ,1435.18,1212
21705,BAG 500g SWIRLY MARBLES,1430.57,1439
15058C,ICE CREAM DESIGN GARDEN PARASOL,1429.82,240
85054,FRENCH ENAMEL POT W LID,1428.13,585
22458,CAST IRON HOOK GARDEN FORK,1421.83,523
21407,BROWN CHECK CAT DOORSTOP ,1416.86,289
22182,CAKE STAND VICTORIAN FILIGREE SMALL,1415.63,371
21507,"ELEPHANT, BIRTHDAY CARD, ",1415.2,3308
22949,36 DOILIES DOLLY GIRL,1414.6499999999999,954
22531,MAGIC DRAWING SLATE CIRCUS PARADE  ,1413.25,3384
82567,"AIRLINE LOUNGE,METAL SIGN",1412.27,713
22714,CARD BIRTHDAY COWBOY,1410.69,3475
22576,SWALLOW WOODEN CHRISTMAS DECORATION,1410.2099999999998,1533
23527,ANIMALS AND NATURE WALL ART,1406.06,414
23104,IVORY PANTRY HANGING LAMP ,1405.42,118
22306,SILVER MUG BONE CHINA TREE OF LIFE,1399.8700000000001,1157
84031B,CHARLIE LOLA BLUE HOT WATER BOTTLE ,1399.42,283
22436,12 COLOURED PARTY BALLOONS,1399.16,2135
84536A,ENGLISH ROSE NOTEBOOK A7 SIZE,1396.46,3106
23040,PAPER LANTERN 9 POINT SNOW STAR ,1394.03,253
84795B,SUNSET CHECK HAMMOCK,1390.64,176
84813,SET OF 4 DIAMOND NAPKIN RINGS,1389.84,165
23470,CARD HOLDER LOVE BIRD LARGE ,1389.8,220
23250,VINTAGE RED TRIM ENAMEL BOWL ,1389.23,1058
22735,RIBBON REEL SOCKS AND MITTENS,1387.46,746
21424,WOODLAND STORAGE BOX LARGE ,1386.27,341
22047,EMPIRE GIFT WRAP,1384.0,3400
22443,GROW YOUR OWN HERBS SET OF 3,1383.79,163
21382,SET/4 SPRING FLOWER DECORATION,1383.08,1140
23376,PACK OF 12 VINTAGE CHRISTMAS TISSUE,1380.23,3027
23119,PACK OF 6 LARGE FRUIT STRAWS ,1380.0,2247
21071,VINTAGE BILLBOARD DRINK ME MUG,1378.92,989
23546,WRAP PAISLEY PARK ,1375.5,3275
22677,FRENCH BLUE METAL DOOR SIGN 2,1375.32,990
22609,PENS ASSORTED SPACEBALL,1374.94,5910
21519,GIN & TONIC DIET GREETING CARD ,1374.1,3263
22976,CIRCUS PARADE CHILDRENS EGG CUP ,1374.01,1054
22063,CERAMIC BOWL WITH STRAWBERRY DESIGN,1370.4,584
85227,SET OF 6 3D KIT CARDS FOR KIDS,1368.75,1488
22915,ASSORTED BOTTLE TOP  MAGNETS ,1368.62,3062
22304,COFFEE MUG BLUE PAISLEY DESIGN,1368.18,767
22716,CARD CIRCUS PARADE,1365.95,3213
84818,DANISH ROSE PHOTO FRAME,1360.15,1329
23249,VINTAGE RED ENAMEL TRIM PLATE,1358.1899999999998,799
22591,CARDHOLDER GINGHAM CHRISTMAS TREE,1353.36,354
21123,SET/10 IVORY POLKADOT PARTY CANDLES,1353.34,1121
23000,TRAVEL CARD WALLET TRANSPORT,1352.74,3132
22754,SMALL RED BABUSHKA NOTEBOOK ,1352.1699999999998,1953
23061,VINTAGE EMBOSSED HEART,1351.43,1030
21615,4 LAVENDER BOTANICAL DINNER CANDLES,1349.17,892
22421,LIPSTICK PEN FUSCHIA,1346.68,2596
21363,HOME SMALL WOOD LETTERS,1344.54,231
22911,PAPER CHAIN KIT LONDON,1343.3400000000001,458
22293,HANGING CHICK GREEN DECORATION,1341.6699999999998,907
23414,ZINC BOX SIGN HOME,1338.9499999999998,137
23469,CARD HOLDER LOVE BIRD SMALL,1338.64,328
21987,PACK OF 6 SKULL PAPER CUPS,1338.2,2100
22917,HERB MARKER ROSEMARY,1336.97,1932
51014C,"FEATHER PEN,COAL BLACK",1334.75,2505
21439,BASKET OF TOADSTOOLS,1334.67,1022
23538,WALL ART VINTAGE HEART,1334.49,332
72802B,OCEAN SCENT CANDLE IN JEWELLED BOX,1331.24,574
22650,CERAMIC PIRATE CHEST MONEY BANK,1329.3999999999999,857
22742,MAKE YOUR OWN PLAYTIME CARD KIT,1327.3100000000002,641
21246,RED RETROSPOT BIG BOWL,1326.88,284
85183B,CHARLIE & LOLA WASTEPAPER BIN FLORA,1323.37,996
21039,RED RETROSPOT SHOPPING BAG,1323.09,511
21818,GLITTER CHRISTMAS HEART ,1322.5,2740
22299,PIG KEYRING WITH LIGHT & SOUND ,1321.97,1327
72802A,ROSE SCENT CANDLE IN JEWELLED BOX,1318.04,320
22399,MAGNETS PACK OF 4 CHILDHOOD MEMORY,1317.08,1128
23405,HOME SWEET HOME 2 DRAWER CABINET,1316.43,253
23221,REINDEER HEART DECORATION SILVER,1315.7299999999998,1479
22920,HERB MARKER BASIL,1314.89,1900
23373,VINTAGE CHRISTMAS PAPER GIFT BAG,1313.3899999999999,1608
22912,YELLOW COAT RACK PARIS FASHION,1312.69,281
21686,MEDINA STAMPED METAL STOOL,1311.69,34
90057,DIAMANTE RING ASSORTED IN BOX.,1311.3600000000001,1008
21179,NO JUNK MAIL METAL SIGN,1310.75,1930
21195,PINK  HONEYCOMB PAPER BALL ,1308.56,693
22916,HERB MARKER THYME,1308.3600000000001,1896
21624,VINTAGE UNION JACK DOORSTOP,1307.76,212
22028,PENNY FARTHING BIRTHDAY CARD,1304.14,3042
21064,BOOM BOX SPEAKER BOYS,1301.55,301
21627,ELEPHANT CARNIVAL POUFFE,1299.83,63
22073,RED RETROSPOT STORAGE JAR,1298.64,324
21793,CLASSIC FRENCH STYLE BASKET BROWN,1296.6100000000001,304
22310,IVORY KNITTED MUG COSY ,1296.23,668
21866,UNION JACK FLAG LUGGAGE TAG,1296.13,750
85199S,SMALL HANGING IVORY/RED WOOD BIRD,1295.17,2643
21422,PORCELAIN ROSE SMALL,1291.6,1603
37447,CERAMIC CAKE DESIGN SPOTTED PLATE,1289.3899999999999,803
21616,4 PEAR BOTANICAL DINNER CANDLES,1288.34,822
21408,SPOTTY PINK DUCK DOORSTOP,1286.71,287
22372,AIRLINE BAG VINTAGE WORLD CHAMPION ,1285.24,278
22461,SAVOY ART DECO CLOCK,1280.13,216
22999,TRAVEL CARD WALLET RETRO PETALS,1279.05,2957
22686,FRENCH BLUE METAL DOOR SIGN No,1278.38,969
47480,HANGING PHOTO CLIP ROPE LADDER,1277.4699999999998,748
21901,"KEY FOB , BACK DOOR ",1274.64,1823
21211,SET OF 72 SKULL PAPER  DOILIES,1271.52,884
22918,HERB MARKER PARSLEY,1270.8000000000002,1862
21897,POTTING SHED CANDLE CITRONELLA,1268.1899999999998,405
21820,GLITTER HEART GARLAND WITH BELLS ,1267.22,302
21902,"KEY FOB , FRONT  DOOR ",1264.97,1966
21090,SET/6 COLLAGE PAPER PLATES,1264.19,2385
23462,ROCOCO WALL MIRROR WHITE,1256.9399999999998,62
22572,ROCKING HORSE GREEN CHRISTMAS ,1255.72,1393
22439,6 ROCKET BALLOONS ,1252.92,1836
22977,DOLLY GIRL CHILDRENS EGG CUP,1252.61,950
85059,FRENCH ENAMEL WATER BASIN,1250.61,403
23067,HANGING ENGRAVED METAL HEART,1249.1100000000001,297
23511,EMBROIDERED RIBBON REEL EMILY ,1245.77,568
22922,FRIDGE MAGNETS US DINER ASSORTED,1239.6,1353
47503A,ASS FLORAL PRINT MULTI SCREWDRIVER,1239.12,2722
22362,GLASS JAR PEACOCK BATH SALTS,1232.0900000000001,375
22129,PARTY CONES CANDY TREE DECORATION,1231.52,1194
23539,WALL ART LOVES' SECRET ,1227.95,247
22603,CHRISTMAS RETROSPOT TREE WOOD,1226.03,1376
22338,STAR DECORATION PAINTED ZINC ,1222.4,4662
22074,6 RIBBONS SHIMMERING PINKS ,1221.52,1391
22315,200 RED + WHITE BENDY STRAWS,1221.43,918
23138,SINGLE WIRE HOOK IVORY HEART,1221.36,872
22597,CHRISTMAS MUSICAL ZINC HEART ,1218.8799999999999,2788
23598,PAPER BUNTING VINTAGE PARTY,1218.48,428
82599,FANNY'S REST STOPMETAL SIGN,1217.73,508
71038,WHITE HANGING BEADS CANDLE HOLDER,1217.7,234
22919,HERB MARKER MINT,1216.66,1745
22613,PACK OF 20 SPACEBOY NAPKINS,1214.11,1528
72800E,4 IVORY DINNER CANDLES SILVER FLOCK,1213.29,541
22589,CARDHOLDER GINGHAM STAR,1212.82,379
82578,KITCHEN METAL SIGN,1212.3500000000001,2048
22575,METAL MERRY CHRISTMAS WREATH,1210.37,633
22071,SMALL WHITE RETROSPOT MUG IN BOX ,1207.55,444
72817,SET OF 2 CHRISTMAS DECOUPAGE CANDLE,1202.27,1188
22416,SET OF 36 DOILIES SPACEBOY DESIGN ,1202.12,862
23142,IVORY WIRE KITCHEN ORGANISER,1201.27,119
84884A,ANT WHITE WIRE HEART SPIRAL,1197.96,300
21986,PACK OF 12 PINK POLKADOT TISSUES,1197.73,4067
22711,WRAP CIRCUS PARADE,1192.34,2877
22755,SMALL PURPLE BABUSHKA NOTEBOOK ,1190.51,1690
22453,MEASURING TAPE BABUSHKA BLUE,1188.74,443
21070,VINTAGE BILLBOARD MUG ,1186.23,1107
21262,WHITE GOOSE FEATHER CHRISTMAS TREE ,1185.3100000000002,330
23444,Next Day Carriage,1185.0,78
21537,RED RETROSPOT PUDDING BOWL,1183.46,278
84012,MAGIC SHEEP WOOL GROWING FROM PAPER,1181.99,1145
35924,HANGING FAIRY CAKE DECORATION,1181.79,641
22081,RIBBON REEL FLORA + FAUNA ,1176.5,644
22921,HERB MARKER CHIVES ,1176.3200000000002,1709
85039B,S/4 IVORY MINI ROSE CANDLE IN BOWL,1174.6299999999999,806
21742,LARGE ROUND WICKER PLATTER ,1173.53,195
21065,BOOM BOX SPEAKER GIRLS,1172.48,564
23026,DRAWER KNOB VINTAGE GLASS STAR,1171.92,543
23418,LAVENDER TOILETTE BOTTLE,1168.08,558
22757,LARGE RED BABUSHKA NOTEBOOK ,1167.74,1096
20984,12 PENCILS TALL TUBE POSY,1166.9399999999998,3788
84313C,ORANGE TV TRAY TABLE ,1165.9099999999999,504
23515,EMBROIDERED RIBBON REEL DAISY ,1164.98,579
23508,MINI PLAYING CARDS DOLLY GIRL ,1164.29,2629
23269,SET OF 2 CERAMIC CHRISTMAS TREES,1163.1299999999999,786
23431,NATURAL HANGING QUILTED HEARTS ,1162.1,1438
22334,DINOSAUR PARTY BAG + STICKER SET,1160.7099999999998,707
23507,MINI PLAYING CARDS BUFFALO BILL ,1156.51,2884
85132B,CHARLIE AND LOLA TABLE TINS,1156.1699999999998,529
23566,EGG CUP MILKMAID HEIDI,1154.43,879
21773,DECORATIVE ROSE BATHROOM BOTTLE,1154.17,1170
22442,GROW YOUR OWN FLOWERS SET OF 3,1153.85,285
23523,TREASURE AHOY WALL ART,1151.3100000000002,354
21774,DECORATIVE CATS BATHROOM BOTTLE,1151.15,1094
23402,HOME SWEEET HOME 3 PEG HANGER ,1151.03,297
22708,WRAP DOLLY GIRL,1149.5,2775
21846,PINK DIAMANTE PEN IN GIFT BOX,1147.57,412
85106,CUT GLASS HEXAGON T-LIGHT HOLDER,1147.4099999999999,651
23057,GEMSTONE CHANDELIER T-LIGHT HOLDER,1147.3700000000001,343
21628,TRIANGULAR POUFFE VINTAGE ,1146.7,62
22497,SET OF 2 TINS VINTAGE BATHROOM ,1145.15,225
21043,APRON MODERN VINTAGE COTTON,1143.76,494
21693,SMALL HAMMERED SILVER CANDLEPOT ,1143.3100000000002,373
20956,PORCELAIN T-LIGHT HOLDERS ASSORTED,1142.77,819
21947,SET OF 6 HEART CHOPSTICKS,1142.15,813
22376,AIRLINE BAG VINTAGE JET SET WHITE,1141.7,254
23506,MINI PLAYING CARDS SPACEBOY ,1139.2,2747
22678,FRENCH BLUE METAL DOOR SIGN 3,1139.06,833
21395,BLUE POLKADOT BEAKER ,1137.5,2834
22581,WOOD STOCKING CHRISTMAS SCANDISPOT,1137.28,1569
84912B,GREEN ROSE WASHBAG,1136.6,324
22446,PIN CUSHION BABUSHKA PINK,1135.18,439
20801,LARGE PINK GLASS SUNDAE DISH,1133.8,981
22539,MINI JIGSAW DOLLY GIRL,1130.58,2921
47585A,PINK FAIRY CAKE CUSHION COVER,1129.44,264
85087,CANDY SPOT CUSHION COVER,1127.04,338
22815,CARD PSYCHEDELIC APPLES,1123.8799999999999,2640
22680,FRENCH BLUE METAL DOOR SIGN 5,1122.79,814
22608,PENS ASSORTED FUNKY JEWELED ,1120.1499999999999,5240
21809,CHRISTMAS HANGING TREE WITH BELL,1119.56,1966
23510,MINI PLAYING CARDS GYMKHANA,1119.22,2522
21466,RED FLOWER CROCHET FOOD COVER,1116.89,304
22817,CARD SUKI BIRTHDAY,1114.81,2639
22155,STAR DECORATION RUSTIC,1114.29,2406
23411, TRELLIS COAT RACK,1113.66,226
22758,LARGE PURPLE BABUSHKA NOTEBOOK  ,1112.75,1197
23375,50'S CHRISTMAS PAPER GIFT BAG,1108.07,1351
23225,CHERUB HEART DECORATION SILVER ,1107.28,1272
21830,ASSORTED CREEPY CRAWLIES,1107.07,2621
22984,CARD GINGHAM ROSE ,1106.17,2717
85114A,BLACK ENCHANTED FOREST PLACEMAT,1105.21,649
22153,ANGEL DECORATION STARS ON DRESS,1104.85,2583
22819,"BIRTHDAY CARD, RETRO SPOT",1104.81,2608
23513,EMBROIDERED RIBBON REEL SUSIE ,1101.78,560
21688,SILVER PLATE CANDLE BOWL SMALL,1101.2800000000002,348
21984,PACK OF 12 PINK PAISLEY TISSUES ,1099.55,3413
22094,RED RETROSPOT TISSUE BOX,1098.23,2107
22168,ORGANISER WOOD ANTIQUE WHITE ,1094.8,130
22320,BIRDS MOBILE VINTAGE DESIGN,1093.72,180
22309,TEA COSY RED  STRIPE,1093.6,370
47580,TEA TIME DES TEA COSY,1091.22,378
23432,PRETTY HANGING QUILTED HEARTS,1090.02,1278
22785,SQUARECUSHION COVER PINK UNION FLAG,1087.57,245
22325,MOBILE VINTAGE HEARTS ,1086.95,237
15056bl,EDWARDIAN PARASOL BLACK,1086.88,87
23102,SILVER HEARTS TABLE DECORATION,1086.6499999999999,1288
22221,CAKE STAND LOVEBIRD 2 TIER PINK,1084.6399999999999,129
22997,TRAVEL CARD WALLET UNION JACK,1083.17,2517
85127,SMALL SQUARE CUT GLASS CANDLESTICK,1081.79,182
84459B,YELLOW METAL CHICKEN HEART ,1079.67,721
23041,PAPER LANTERN 9 POINT SNOW STAR,1078.88,248
21469,POLKA DOT RAFFIA FOOD COVER,1077.82,288
22611,VINTAGE UNION JACK SHOPPING BAG,1077.03,225
23087,ZINC  HEART T-LIGHT HOLDER,1071.91,853
22342,HOME GARLAND PAINTED ZINC ,1071.3799999999999,961
23433,HANGING QUILTED PATCHWORK APPLES,1069.57,1211
22123,PING MICROWAVE APRON,1069.1699999999998,509
21824,PAINTED METAL STAR WITH HOLLY BELLS,1068.01,1893
22444,GROW YOUR OWN PLANT IN A CAN ,1067.87,807
21819,GLITTER CHRISTMAS STAR ,1067.82,2473
23033,DRAWER KNOB CERAMIC RED,1067.6,720
22245,"HOOK, 1 HANGER ,MAGIC GARDEN",1066.6,1258
21991,BOHEMIAN COLLAGE STATIONERY SET,1065.82,623
23113,PANTRY CHOPPING BOARD,1065.4400000000003,208
22286,"DECORATION , WOBBLY RABBIT , METAL ",1065.3899999999999,1149
21224,SET/4 SKULL BADGES,1065.0,902
23516,EMBROIDERED RIBBON REEL SOPHIE  ,1062.35,297
23331,DECORATIVE WICKER HEART SMALL,1062.28,1596
22438,BALLOON ART MAKE YOUR OWN FLOWERS,1058.69,1022
85035B,CHOCOLATE 3 WICK MORRIS BOX CANDLE,1058.35,620
21391,FRENCH LAVENDER SCENT HEART,1058.14,1076
23056,FLOWERS CHANDELIER T-LIGHT HOLDER,1057.8,387
22190,LOCAL CAFE MUG,1057.71,676
21949,SET OF 6 STRAWBERRY CHOPSTICKS,1054.44,801
22211,WOOD STAMP SET FLOWERS,1054.4399999999998,961
16016,LARGE CHINESE STYLE SCISSOR,1053.45,1273
22152,PLACE SETTING WHITE STAR,1051.82,2404
22066,LOVE HEART TRINKET POT,1049.1,2250
22363,GLASS JAR MARMALADE ,1048.25,351
85159B,"WHITE TEA,COFFEE,SUGAR JARS",1047.96,584
35648,VINTAGE BEAD PINK PURSE ,1047.57,956
23327,HANGING CLEAR MINI BOTTLE,1046.42,1726
85116,BLACK CANDELABRA T-LIGHT HOLDER,1043.88,911
23419,HOME SWEET HOME BOTTLE ,1043.72,473
21508,VINTAGE KID DOLLY CARD ,1041.94,2478
22995,TRAVEL CARD WALLET SUKI,1041.42,2340
79302M,"ART LIGHTS,FUNK MONKEY",1037.54,370
16237,SLEEPING CAT ERASERS,1035.96,4934
23347,I LOVE LONDON BEAKER,1034.8,826
23088,ZINC HEART FLOWER T-LIGHT HOLDER,1033.28,795
22060,LARGE CAKE STAND HANGING HEARTS,1031.75,217
20967,GREY FLORAL FELTCRAFT SHOULDER BAG,1031.69,266
21803,CHRISTMAS TREE STAR DECORATION,1031.56,2390
18097C,WHITE TALL PORCELAIN T-LIGHT HOLDER,1029.4099999999999,407
22024,RAINY LADIES BIRTHDAY CARD,1028.77,2418
21679,SKULLS  STICKERS,1028.58,1140
84944,SET OF 6 KASHMIR FOLKART BAUBLES,1026.21,653
23545,WRAP RED DOILEY,1025.6,2480
22091,EMPIRE TISSUE BOX,1024.47,1984
22163,HEART STRING MEMO HOLDER HANGING,1023.03,850
20966,SANDWICH BATH SPONGE,1022.8,719
21188,3D HEARTS  HONEYCOMB PAPER GARLAND,1021.9000000000001,326
22402,MAGNETS PACK OF 4 VINTAGE COLLAGE,1020.58,1711
23452,HEART MINI PORTRAIT FRAME,1019.81,517
22459,CAST IRON HOOK GARDEN TROWEL,1018.19,386
15044C,PURPLE PAPER PARASOL,1017.8900000000001,311
21464,DISCO BALL ROTATOR BATTERY OPERATED,1017.0,240
20931,BLUE POT PLANT CANDLE ,1015.8500000000001,284
85180A,RED HEARTS LIGHT CHAIN ,1014.76,497
21788,KIDS RAIN MAC BLUE,1014.14,1275
51014L,"FEATHER PEN,LIGHT PINK",1013.4599999999999,1987
21617,4 LILY  BOTANICAL DINNER CANDLES,1013.01,528
85039A,SET/4 RED MINI ROSE CANDLE IN BOWL,1012.2699999999999,705
22679,FRENCH BLUE METAL DOOR SIGN 4,1011.78,731
22614,PACK OF 12 SPACEBOY TISSUES,1010.4699999999999,2997
21354,TOAST ITS - BEST MUM,1010.21,801
23107,WHITE WIRE PLANT POT HOLDER,1009.51,359
21288,STRIPEY CHOCOLATE NESTING BOXES,1009.0600000000001,334
22860,EASTER TIN CHICKS PINK DAISY,1007.8699999999999,583
23544,WALL ART MID CENTURY MODERN ,1007.53,163
22923,FRIDGE MAGNETS LES ENFANTS ASSORTED,1006.9699999999999,1196
22279,POCKET BAG BLUE PAISLEY RED SPOT,1005.9,833
23153,ZINC SWEETHEART WIRE LETTER RACK,1005.69,259
22673,FRENCH GARDEN SIGN BLUE METAL,1004.83,782
22929,SCHOOL DESK AND CHAIR ,1004.75,16
23121,PACK OF 6 COCKTAIL PARASOL STRAWS,1002.54,2506
22695,WICKER WREATH SMALL,1001.49,741
23281,FOLDING BUTTERFLY MIRROR RED  ,1000.82,1280
21355,TOAST ITS - I LOVE YOU ,998.83,794
23533,WALL ART GARDEN HAVEN ,998.64,215
21467,CHERRY CROCHET FOOD COVER,996.89,262
22069,BROWN  PIRATE TREASURE CHEST ,996.8,416
23517,EMBROIDERED RIBBON REEL REBECCA ,996.38,334
84558A,3D DOG PICTURE PLAYING CARDS,996.2600000000001,336
10125,MINI FUNKY DESIGN TAPES,994.84,1296
21821,GLITTER STAR GARLAND WITH BELLS ,992.05,239
21648,ASSORTED TUTTI FRUTTI SMALL PURSE,991.54,736
22808,SET OF 6 T-LIGHTS EASTER CHICKS,985.7700000000001,327
85232D,SET/3 DECOUPAGE STACKING TINS,982.6200000000001,191
35471D,SET OF 3 BIRD LIGHT PINK FEATHER ,982.0699999999999,1860
22500,SET OF 2 TINS JARDIN DE PROVENCE,980.7,253
21948,SET OF 6 CAKE CHOPSTICKS,979.48,641
22857,ASSORTED EASTER GIFT TAGS,977.7599999999999,1159
23512,EMBROIDERED RIBBON REEL ROSIE,977.3199999999999,501
20886,BOX OF 9 PEBBLE CANDLES,976.4799999999999,480
72816,SET/3 CHRISTMAS DECOUPAGE CANDLES,976.27,869
22098,BOUDOIR SQUARE TISSUE BOX,973.08,1919
84459A,PINK METAL CHICKEN HEART ,970.27,657
23380,PACK OF 12 VINTAGE DOILY TISSUES,969.46,2308
85064,CREAM SWEETHEART LETTER RACK,966.95,213
35651,VINTAGE BEAD PINK SCARF ,966.04,439
23518,EMBROIDERED RIBBON REEL RACHEL ,965.96,356
21389,IVORY HANGING DECORATION  BIRD,965.93,1115
23514,EMBROIDERED RIBBON REEL SALLY ,964.91,472
20802,SMALL GLASS SUNDAE DISH CLEAR,964.3999999999999,700
84843,WHITE SOAP RACK WITH 2 BOTTLES,963.85,171
22540,MINI JIGSAW CIRCUS PARADE ,960.4399999999999,2518
22210,WOOD STAMP SET BEST WISHES,959.6999999999999,1019
47504H,ENGLISH ROSE SPIRIT LEVEL ,959.38,974
20846,ZINC HEART LATTICE T-LIGHT HOLDER,958.57,717
22209,WOOD STAMP SET HAPPY BIRTHDAY,958.41,938
22681,FRENCH BLUE METAL DOOR SIGN 6,958.34,698
21058,PARTY INVITES WOODLAND,958.0099999999999,1145
23460,SWEETHEART WALL TIDY ,957.3299999999999,103
84913A,SOFT PINK ROSE TOWEL ,952.83,273
84509G,SET OF 4 FAIRY CAKE PLACEMATS ,950.49,517
84596G,SMALL CHOCOLATES PINK BOWL,949.92,1857
22262,FELT EGG COSY CHICKEN,949.6099999999999,1022
21198,WHITE HEART CONFETTI IN TUBE,948.7099999999999,957
21683,MEDIUM MEDINA STAMPED METAL BOWL ,948.7000000000002,310
22599,CHRISTMAS MUSICAL ZINC STAR,947.3599999999999,1929
23540,WALL ART THE MAGIC FOREST ,947.0600000000001,150
21717,EASTER TIN BUCKET,946.93,408
47593B,SCOTTIE DOGS BABY BIB,946.13,1987
22994,TRAVEL CARD WALLET RETROSPOT,945.6,2167
15044B,BLUE PAPER PARASOL ,943.8800000000001,320
70007,HI TEC ALPINE HAND WARMER,943.16,833
22246,MAGIC GARDEN FELT GARLAND ,939.3699999999999,419
22242,5 HOOK HANGER MAGIC TOADSTOOL,938.2799999999999,606
35646,VINTAGE BEAD PINK EVENING BAG,937.25,619
23183,MOTHER'S KITCHEN SPOON REST ,937.17,218
22281,EASTER TREE YELLOW BIRDS,935.39,132
84819,DANISH ROSE ROUND SEWING BOX,934.79,807
22231,JIGSAW TREE WITH BIRDHOUSE,934.7099999999999,931
20686,DOLLY MIXTURE CHILDREN'S UMBRELLA,932.42,270
21462,"NURSERY A,B,C PAINTED LETTERS",932.4,198
20752,BLUE POLKADOT WASHING UP GLOVES,930.95,412
23179,CLOCK MAGNET MUM'S KITCHEN,930.48,324
22924,FRIDGE MAGNETS LA VIE EN ROSE,929.65,1012
23178,JAM CLOCK MAGNET,929.47,325
22132,RED LOVE HEART SHAPE CUP,928.8299999999999,1026
22313,OFFICE MUG WARMER PINK,927.3300000000002,315
85185B,PINK HORSE SOCK PUPPET,923.9900000000001,305
22307,GOLD MUG BONE CHINA TREE OF LIFE,923.74,731
22893,MINI CAKE STAND T-LIGHT HOLDER,922.1999999999999,1851
17091J,VANILLA INCENSE IN TIN,920.67,2084
85114C,RED ENCHANTED FOREST PLACEMAT,920.2199999999999,516
22270,HAPPY EASTER HANGING DECORATION,920.06,237
21802,CHRISTMAS TREE HEART DECORATION,919.98,2124
21682,LARGE MEDINA STAMPED METAL BOWL ,916.11,179
22046,TEA PARTY  WRAPPING PAPER ,914.72,2216
82001s,VINYL RECORD FRAME SILVER,910.12,122
23472, NINE DRAWER OFFICE TIDY,909.37,59
21786,POLKADOT RAIN HAT ,909.01,1918
21894,POTTING SHED SEED ENVELOPES,908.33,597
22519,CHILDS GARDEN BRUSH PINK,906.7500000000001,411
84519A,TOMATO CHARLIE+LOLA COASTER SET,905.55,512
23338,EGG FRYING PAN RED ,902.9200000000001,425
72799E,IVORY PILLAR CANDLE SILVER FLOCK,902.2400000000001,446
23532,WALL ART WORK REST AND PLAY  ,901.58,210
22118,JOY WOODEN BLOCK LETTERS,901.46,232
85114B,IVORY ENCHANTED FOREST PLACEMAT,900.8399999999999,476
21465,PINK FLOWER CROCHET FOOD COVER,897.8,237
22277,COSMETIC BAG VINTAGE ROSE PAISLEY,897.74,417
23502,PLAYING CARDS VINTAGE DOILEY ,896.41,714
21631,HIPPY CHIC DECORATIVE PARASOL,896.01,169
85034A,3 GARDENIA MORRIS BOXED CANDLES,894.4,494
22814,CARD PARTY GAMES ,893.51,2141
37501,TEA TIME TEA SET IN GIFT BOX,892.9300000000001,131
84823,DANISH ROSE FOLDING CHAIR,890.4000000000001,112
85131A,BEADED PEARL HEART WHITE ON STICK,890.2099999999999,983
23072,MARIE ANTOINETTE TRINKET BOX SILVER,889.76,262
21189,WHITE HONEYCOMB PAPER GARLAND ,888.67,355
22719,GUMBALL MONOCHROME COAT RACK,884.5500000000001,610
22524,CHILDRENS GARDEN GLOVES BLUE,883.1999999999999,642
46776F,WOVEN ROSE GARDEN CUSHION COVER ,883.12,210
22682,FRENCH BLUE METAL DOOR SIGN 7,883.0,666
21633,SUNFLOWER DECORATIVE PARASOL,882.71,124
22317,FIVE CATS HANGING DECORATION,882.6200000000001,287
22321,BIRD DECORATION RED RETROSPOT,880.4799999999999,916
23479,WIRE EGG BASKET ,880.23,114
22701,PINK DOG BOWL,879.89,533
85176,SEWING SUSAN 21 NEEDLE SET,879.62,917
23413,VINTAGE COFFEE GRINDER BOX,879.3100000000001,165
84997a,GREEN 3 PIECE POLKADOT CUTLERY SET,878.7399999999999,106
21209,MULTICOLOUR HONEYCOMB FAN,877.91,1205
84030e,ENGLISH ROSE HOT WATER BOTTLE,877.76,108
22308,TEA COSY BLUE STRIPE,877.38,250
21695,SMALL SILVER FLOWER CANDLE POT,875.3800000000001,290
22565,FELTCRAFT HAIRBANDS PINK AND WHITE ,873.52,934
85036C,ROSE 1 WICK MORRIS BOXED CANDLE,872.61,565
23099,FRENCH CARRIAGE LANTERN,872.1500000000001,129
22251,BIRDHOUSE DECORATION MAGIC GARDEN,871.99,698
23002,TRAVEL CARD WALLET SKULLS,871.53,2017
85049H,URBAN BLACK RIBBONS ,870.35,849
21204,DAISIES  HONEYCOMB GARLAND ,868.4399999999999,499
21199,PINK  HEART CONFETTI IN TUBE,868.17,918
84536B,FAIRY CAKES NOTEBOOK A7 SIZE,867.98,2054
21743,STAR PORTABLE TABLE LIGHT ,864.0500000000001,291
21708,FOLDING UMBRELLA CREAM POLKADOT,863.11,190
23220,REINDEER HEART DECORATION GOLD,860.02,982
22343,PARTY PIZZA DISH RED RETROSPOT,858.5999999999999,1959
23423,PANTRY 3 HOOK ROLLING PIN HANGER,858.15,214
22683,FRENCH BLUE METAL DOOR SIGN 8,856.49,632
21823,PAINTED METAL HEART WITH HOLLY BELL,854.74,1373
21359,RELAX LARGE WOOD LETTERS,852.33,128
22761,CHEST 7 DRAWER MA CAMPAGNE,851.48,34
21880,RED RETROSPOT TAPE,850.98,1891
85183A,CHARLIE & LOLA WASTEPAPER BIN BLUE,849.54,665
84006,MAGIC TREE -PAPER FLOWERS,848.6999999999999,918
85135C,RED DRAGONFLY HELICOPTER,848.4300000000001,105
22862,LOVE HEART NAPKIN BOX ,843.95,175
22068,BLACK PIRATE TREASURE CHEST,841.93,518
23564,EGG CUP MILKMAID INGRID,841.31,644
23551,PACK OF 12 PAISLEY PARK TISSUES ,841.01,1843
20839,FRENCH PAISLEY CUSHION COVER ,840.4399999999999,575
21694,SMALL REGAL  SILVER CANDLEPOT ,840.33,307
37327,ASSTD MULTICOLOUR CIRCLES MUG,838.91,1575
22706,WRAP COWBOYS  ,837.44,2032
22254,FELT TOADSTOOL LARGE,836.8000000000001,657
20986,BLUE CALCULATOR RULER,833.49,657
22587,FELTCRAFT HAIRBAND RED AND BLUE,833.0699999999999,921
21125,SET 6 FOOTBALL CELEBRATION CANDLES,832.23,658
21399,BLUE POLKADOT COFFEE MUG,831.0,1955
21804,WHITE CHRISTMAS GARLAND STARS TREES,830.03,225
23004,TRAVEL CARD WALLET PANTRY,829.66,1827
22341,LOVE GARLAND PAINTED ZINC ,827.6299999999999,453
21294,ETCHED GLASS COASTER,825.49,1618
22537,MAGIC DRAWING SLATE DINOSAUR,824.68,1883
21905,MORE BUTTER METAL SIGN ,823.71,761
22249,DECORATION WHITE CHICK MAGIC GARDEN,823.06,940
84849D,HOT BATHS SOAP HOLDER,821.8199999999999,472
23071,MARIE ANTOIENETT TRINKET BOX GOLD,821.1,243
22276,WASH BAG VINTAGE ROSE PAISLEY,821.01,283
21291,SMALL POLKADOT CHOCOLATE GIFT BAG ,819.64,943
23017,APOTHECARY MEASURING JAR,813.78,66
85049a,TRADITIONAL CHRISTMAS RIBBONS,812.84,244
23186,FRENCH STYLE STORAGE JAR CAFE ,810.2199999999999,1970
22093,MOTORING TISSUE BOX,809.08,1823
22162,HEART GARLAND RUSTIC PADDED,808.79,253
84509B,SET OF 4 FAIRY CAKE PLACEMATS,806.04,217
22454,MEASURING TAPE BABUSHKA RED,804.22,282
22546,MINI JIGSAW PURDEY,799.98,2103
85194L,HANGING SPRING FLOWER EGG LARGE,799.9399999999999,920
85169A,IVORY LOVE BIRD CANDLE,798.02,800
72818,CHRISTMAS DECOUPAGE CANDLE,796.0600000000001,1809
22268,EASTER DECORATION SITTING BUNNY,795.78,1971
22566,FELTCRAFT HAIRBAND PINK AND PURPLE,794.88,879
21162,TOXIC AREA  DOOR HANGER ,794.15,1465
22099,CARAVAN SQUARE TISSUE BOX,793.4,1437
23521,CAT AND BIRD WALL ART,793.37,413
23519,EMBROIDERED RIBBON REEL CLAIRE,792.31,224
22705,WRAP GREEN PEARS ,790.86,1883
21789,KIDS RAIN MAC PINK,789.1999999999999,908
85170D,SET/6 PINK BIRD T-LIGHT CANDLES,788.99,446
21504,SKULLS GREETING CARD,788.97,1915
84535B,FAIRY CAKES NOTEBOOK A6 SIZE,788.45,1237
21680,WOODLAND  STICKERS,786.31,868
23568,EGG CUP HENRIETTA HEN CREAM ,786.27,629
79160,HEART SHAPE WIRELESS DOORBELL,785.33,439
23115,RED APPLES CHOPPING BOARD   ,785.1700000000001,155
21642,ASSORTED TUTTI FRUTTI PEN,784.4799999999999,2354
22518,CHILDS GARDEN BRUSH BLUE,783.5400000000001,363
22217,T-LIGHT HOLDER HANGING LACE,782.51,800
85173,SET/6 FROG PRINCE T-LIGHT CANDLES,782.27,474
21272,SALLE DE BAIN HOOK,781.3199999999999,551
23106,ZINC HEARTS PLANT POT HOLDER,780.9100000000001,279
22451,SILK PURSE BABUSHKA RED,779.1500000000001,223
84660A,WHITE STITCHED WALL CLOCK,778.91,841
85032A,ROMANTIC IMAGES GIFT WRAP SET,777.1400000000001,790
22228,BUNNY WOODEN PAINTED WITH BIRD ,776.93,999
22422,TOOTHPASTE TUBE PEN,776.75,1274
84509a,SET OF 4 ENGLISH ROSE PLACEMATS,775.84,104
23409,PHOTO FRAME LINEN AND LACE LARGE,775.4300000000001,208
22340,NOEL GARLAND PAINTED ZINC ,774.88,1399
84519B,CARROT CHARLIE+LOLA COASTER SET,774.55,472
21158,MOODY GIRL DOOR HANGER ,774.46,1450
85163B,BLACK BAROQUE WALL CLOCK ,770.93,83
21618,4 WILDFLOWER BOTANICAL CANDLES,770.87,406
22133,PINK LOVE HEART SHAPE CUP,770.73,816
21983,PACK OF 12 BLUE PAISLEY TISSUES ,770.7099999999999,2277
85125,SMALL ROUND CUT GLASS CANDLESTICK,770.2900000000001,163
85035A,GARDENIA 3 WICK MORRIS BOXED CANDLE,769.55,273
21084,SET/6 COLLAGE PAPER CUPS,768.58,2586
22685,FRENCH BLUE METAL DOOR SIGN 0,768.3,584
85231B,CINAMMON SET OF 9 T-LIGHTS,768.23,857
23335,EGG FRYING PAN IVORY ,767.9000000000001,366
22786,CUSHION COVER PINK UNION JACK,764.63,123
22522,CHILDS GARDEN FORK BLUE ,764.09,920
21707,FOLDING UMBRELLA BLACKBLUE POLKADOT,763.6600000000001,160
23550,WRAP ALPHABET POSTER  ,763.1,1855
22252,BIRDCAGE DECORATION TEALIGHT HOLDER,762.82,644
85212,MINI PAINTED GARDEN DECORATION ,761.4,2476
22025,RING OF ROSES BIRTHDAY CARD,761.05,1835
85130B,BEADED CRYSTAL HEART GREEN LARGE,760.4300000000001,834
17084R,ASSORTED INCENSE PACK,760.3199999999999,4032
21287,SCENTED VELVET LOUNGE CANDLE ,760.15,1790
10002,INFLATABLE POLITICAL GLOBE ,759.89,860
84279B,CHERRY BLOSSOM DECORATIVE FLASK,759.7,188
22753,SMALL YELLOW BABUSHKA NOTEBOOK ,758.98,1011
85036A,GARDENIA 1 WICK MORRIS BOXED CANDLE,758.1,222
23282,FOLDING BUTTERFLY MIRROR IVORY ,757.86,812
22480,RED TEA TOWEL CLASSIC DESIGN,757.21,631
23123,COCKTAIL SWORDS 50 PIECES,755.42,930
21822,GLITTER CHRISTMAS TREE WITH BELLS,754.75,737
21383,PACK OF 12 STICKY BUNNIES,754.53,996
84913B,MINT GREEN ROSE TOWEL,754.07,196
84609,TALL ROCOCO CANDLE HOLDER,753.59,91
23124,18PC WOODEN CUTLERY SET DISPOSABLE,751.38,567
20748,KENSINGTON COFFEE SET,751.17,57
21126,SET OF 6 GIRLS CELEBRATION CANDLES,750.2,593
23324,RUSTIC STRAWBERRY JAMPOT LARGE ,748.53,364
84763,ZINC FINISH 15CM PLANTER POTS,748.34,601
23025,DRAWER KNOB VINTAGE GLASS BALL,748.32,344
22481,BLACK TEA TOWEL CLASSIC DESIGN,748.08,827
85032B,BLOSSOM IMAGES GIFT WRAP SET,747.7900000000001,798
23022,SMALL BONNE JAM JAR  T-LIGHT HOLDER,745.76,392
23454,SET OF 3 MINI HANGING PORTRAITS,745.6500000000001,177
21215,IVORY PAPER CUP CAKE CASES ,745.45,1089
22316,200 BENDY SKULL STRAWS,742.37,660
20733,GOLD MINI TAPE MEASURE ,742.06,936
23223,CHRISTMAS TREE HANGING SILVER ,741.89,791
22106,MIRROR MOSAIC HURRICANE LAMP ,741.63,228
22523,CHILDS GARDEN FORK PINK,741.4599999999999,853
22336,DOVE DECORATION PAINTED ZINC ,739.46,2360
22264,FELT FARM ANIMAL WHITE BUNNY ,738.68,1563
22322,BIRD DECORATION GREEN POLKADOT,737.61,808
79030G,"TUMBLER, NEW ENGLAND",735.8299999999999,1409
22097,SWALLOW SQUARE TISSUE BOX,735.6700000000001,1600
22258,FELT FARM ANIMAL RABBIT,735.14,905
84660B,BLACK STITCHED WALL CLOCK,734.86,709
23435,3 RAFFIA RIBBONS VINTAGE CHRISTMAS,734.7900000000001,827
22495,SET OF 2 ROUND TINS CAMEMBERT ,734.07,277
22586,FELTCRAFT HAIRBAND PINK AND BLUE,733.75,808
23006,TRAVEL CARD WALLET FLOWER MEADOW,732.51,1686
22393,PAPERWEIGHT VINTAGE COLLAGE,731.78,508
15034,PAPER POCKET TRAVELING FAN ,731.73,5206
22400,MAGNETS PACK OF 4 HOME SWEET HOME,731.43,1399
23562,SET OF 6 RIBBONS PERFECTLY PRETTY  ,730.37,253
21398,RED POLKADOT COFFEE  MUG,729.6,1532
90200D,PINK SWEETHEART BRACELET,729.57,176
22250,DECORATION  BUTTERFLY  MAGIC GARDEN,729.25,817
21643,ASSORTED TUTTI FRUTTI MIRROR,728.31,538
21677,HEARTS  STICKERS,727.64,823
20996,JAZZ HEARTS ADDRESS BOOK,727.46,3194
23522,DOG AND BALL WALL ART,727.4399999999999,354
22103,MIRROR MOSAIC T-LIGHT HOLDER ROUND,726.38,778
85131D,BEADED CRYSTAL HEART PINK ON STICK,725.26,850
21883,STARS GIFT TAPE ,725.23,1652
23114,VINTAGE LEAF CHOPPING BOARD  ,723.1,146
22821,GIFT BAG PSYCHEDELIC APPLES,722.6700000000001,1171
72803A,ROSE SCENT CANDLE JEWELLED DRAWER,722.47,529
21927,BLUE/CREAM STRIPE CUSHION COVER ,722.4,584
21530,DAIRY MAID TOASTRACK,721.38,716
46775D,SUNSET COLOUR CHUNKY KNITTED THROW,720.93,60
79067,CORONA MEXICAN TRAY,719.69,172
22718,CARD CAT AND TREE ,717.23,1633
84581,DOG TOY WITH PINK CROCHET SKIRT,717.21,189
23140,TRIPLE WIRE HOOK IVORY HEART,716.3000000000001,170
22287,"DECORATION , WOBBLY CHICKEN, METAL ",715.4799999999999,784
21775,DECORATIVE FLORE BATHROOM BOTTLE,713.11,512
22684,FRENCH BLUE METAL DOOR SIGN 9,712.32,520
22026,BANQUET BIRTHDAY  CARD  ,712.08,1644
85032C,CURIOUS IMAGES GIFT WRAP SET,712.0400000000001,673
23325,RUSTIC STRAWBERRY JAMPOT SMALL,711.2399999999999,444
23055,IVORY CHANDELIER T-LIGHT HOLDER,710.71,226
21636,MADRAS NOTEBOOK MEDIUM,709.66,919
23070,EDWARDIAN HEART PHOTO FRAME,709.5400000000001,160
21630,FLOOR CUSHION ELEPHANT CARNIVAL,709.1899999999999,68
21739,COSY SLIPPER SHOES SMALL GREEN,708.98,256
22201,FRYING PAN BLUE POLKADOT,708.3,191
22514,CHILDS GARDEN SPADE BLUE,706.5500000000001,303
23487,SWEET HEART CAKE CARRIER,706.03,71
21143,ANTIQUE GLASS HEART DECORATION ,705.28,326
21356,TOAST ITS - FAIRY FLOWER,704.55,643
85103,SILVER T-LIGHT SETTING,704.14,106
22856,ASSORTED EASTER DECORATIONS  BELLS,703.32,548
16235,RECYCLED PENCIL WITH RABBIT ERASER,702.75,3103
21106,CREAM SLICE FLANNEL CHOCOLATE SPOT ,702.51,237
85159A,"BLACK TEA,COFFEE,SUGAR JARS",700.9499999999999,413
21476,STEEL SWEETHEART ROUND TABLE CREAM,699.63,41
23222,CHRISTMAS TREE HANGING GOLD,698.61,775
22936,BAKING MOULD ROSE WHITE CHOCOLATE,697.97,207
85049D,BRIGHT BLUES RIBBONS ,697.49,549
22981,PANTRY APPLE CORER,696.88,466
85078,SCANDINAVIAN 3 HEARTS NAPKIN RING,696.8,1932
84707A,SILVER JEWELLED MIRROR TRINKET TRAY,695.23,95
79164,BLACK WINE GLASS,695.0100000000001,1669
84660C,PINK STITCHED WALL CLOCK,693.32,661
16225,RATTLE SNAKE EGGS,691.85,815
35923,CANDY HEART HANGING DECORATION,690.13,1317
22324,BLUE POLKADOT KIDS BAG,688.3,286
21650,ASSORTED TUTTI FRUTTI BRACELET,688.29,2526
21629,SQUARE FLOOR CUSHION VINTAGE RED,687.95,73
23458,DOLLY CABINET 3 DRAWERS ,687.6999999999999,46
20902,VINTAGE KEEPSAKE BOX PARIS DAYS,686.86,112
21317,GLASS SPHERE CANDLE STAND MEDIUM,684.58,111
21289,LARGE STRIPES CHOCOLATE GIFT BAG,683.75,547
21163,DO NOT TOUCH MY STUFF DOOR HANGER ,683.37,1200
85071B,RED CHARLIE+LOLA PERSONAL DOORSIGN,683.01,1299
85019B,BLOSSOM  IMAGES NOTEBOOK SET,682.97,512
21208,PASTEL COLOUR HONEYCOMB FAN,681.78,899
35001G,HAND OPEN SHAPE GOLD,681.59,199
21066,VINTAGE RED MUG,679.72,691
46776B,WOVEN BERRIES CUSHION COVER ,679.67,161
22136,LOVE HEART SOCK HANGER,679.4799999999999,378
79066K,RETRO MOD TRAY,679.14,771
23187,FRENCH STYLE STORAGE JAR BONBONS,678.5699999999999,2301
79191C,RETRO PLASTIC ELEPHANT TRAY,678.23,947
22806,SET OF 6 T-LIGHTS WEDDING CAKE ,677.0400000000001,260
22062,CERAMIC BOWL WITH LOVE HEART DESIGN,677.03,582
22403,MAGNETS PACK OF 4 VINTAGE LABELS ,674.67,1311
84659A,WHITE TRAVEL ALARM CLOCK,673.72,279
22267,EASTER DECORATION EGG BUNNY ,673.17,836
47591d,PINK FAIRY CAKE CHILDRENS APRON,672.24,134
21261,GREEN GOOSE FEATHER CHRISTMAS TREE ,672.09,187
37475,SET/4 COLOURFUL MIXING BOWLS,671.93,71
84923,PINK BUTTERFLY HANDBAG W BOBBLES,671.62,162
20704,MR ROBOT SOFT TOY,669.9,212
23597,PAPER BUNTING PAISLEY PARK,667.27,245
22339,CHRISTMAS TREE PAINTED ZINC ,666.3800000000001,2437
23120,PACK OF 6 SMALL FRUIT STRAWS,665.17,1644
47574A,ENGLISH ROSE SCENTED HANGING FLOWER,664.45,547
20767,BLUE PAISLEY JOURNAL ,663.7099999999999,253
40001,WHITE BAMBOO RIBS LAMPSHADE,663.0699999999999,802
23024,LARGE BONNE JAM JAR  T-LIGHT HOLDER,662.8700000000001,253
21613,S/12 VANILLA  BOTANICAL T-LIGHTS,661.9300000000001,227
23547,WRAP FLOWER SHOP  ,661.5,1575
23482,PEARLISED IVORY HEART LARGE ,661.02,418
23428,IVORY RETRO KITCHEN WALL CLOCK,659.61,75
18098C,PORCELAIN BUTTERFLY OIL BURNER,658.75,213
72349b,SET/6 PURPLE BUTTERFLY T-LIGHTS,658.51,159
22450,SILK PURSE BABUSHKA BLUE,657.76,194
22756,LARGE YELLOW BABUSHKA NOTEBOOK ,656.52,599
22448,PIN CUSHION BABUSHKA RED,656.4300000000001,201
22615,PACK OF 12 CIRCUS PARADE TISSUES ,656.05,2063
85199L,LARGE HANGING IVORY & RED WOOD BIRD,654.98,964
21696,SMALL SILVER TRELLIS CANDLEPOT,654.7,218
46776A,WOVEN BUBBLE GUM CUSHION COVER,651.95,155
21187,WHITE BELL HONEYCOMB PAPER GARLAND ,651.75,371
22535,MAGIC DRAWING SLATE BUNNIES ,650.85,1718
22204,MILK PAN BLUE POLKADOT,650.79,192
22525,CHILDRENS GARDEN GLOVES PINK,648.97,489
22953,BIRTHDAY PARTY CORDON BARRIER TAPE,647.11,502
22715,CARD WEDDING DAY,645.64,1543
23042,PAPER LANTERN 7 POINT SNOW STAR,645.01,93
84789,ENCHANTED BIRD PLANT CAGE,644.47,187
85177,BASKET OF FLOWERS SEWING KIT,644.2099999999999,812
21640,ASSORTED TUTTI FRUTTI  FOB NOTEBOOK,644.03,662
17021,NAMASTE SWAGAT INCENSE,643.14,2427
21808,"CHRISTMAS GARLAND STARS,TREES",641.58,181
35810A,ENAMEL PINK COFFEE CONTAINER,640.92,634
21446,12 RED ROSE PEG PLACE SETTINGS,640.92,457
20658,RED RETROSPOT LUGGAGE TAG,638.36,422
23224,CHERUB HEART DECORATION GOLD,637.4,724
22533,MAGIC DRAWING SLATE BAKE A CAKE ,636.41,1763
22067,CHOC TRUFFLE GOLD TRINKET POT ,636.1199999999999,406
23492,VINTAGE JINGLE BELLS WREATH,635.38,76
21054,NURSE'S BAG SOFT TOY,634.53,70
84086C,PINK/PURPLE RETRO RADIO,634.07,222
84817,DANISH ROSE DECORATIVE PLATE,632.94,914
23453,OVAL  MINI PORTRAIT FRAME,631.5799999999999,324
23216,LAUREL HEART ANTIQUE GOLD,630.73,525
21747,SMALL SKULL WINDMILL,630.61,473
72232,FENG SHUI PILLAR CANDLE,630.23,3317
84596L,BISCUITS SMALL BOWL LIGHT BLUE,629.8,1255
23019,SMALL APOTHECARY MEASURING JAR ,629.0500000000001,81
23027,DRAWER KNOB VINTAGE GLASS HEXAGON,627.95,295
21417,COCKLE SHELL DISH,627.7,339
23471,SIX DRAWER OFFICE TIDY,626.74,66
22559,SEASIDE FLYING DISC,626.53,505
21205,MULTICOLOUR 3D BALLS GARLAND,626.1899999999999,233
23456,MEDIUM PARLOUR PICTURE FRAME ,625.8000000000001,156
20735,BLACK MINI TAPE MEASURE ,625.8,623
21351,CINAMMON & ORANGE WREATH,625.63,97
21865,PINK UNION JACK  PASSPORT COVER ,625.23,274
22269,EGG CUP NATURAL CHICKEN,622.74,933
22035,VINTAGE CARAVAN GREETING CARD ,622.36,1464
21684,SMALL MEDINA STAMPED METAL BOWL ,622.3,783
20840,FRENCH FLORAL CUSHION COVER ,622.12,521
22520,CHILDS GARDEN TROWEL BLUE ,622.0999999999999,719
79163,BLACK CHAMPAGNE GLASS,621.39,1519
22105,MIRROR MOSAIC GOBLET CANDLE HOLDER,619.8199999999999,334
84637,KITCHEN FLOWER POTS WALL PLAQUE,619.59,116
22396,MAGNETS PACK OF 4 RETRO PHOTO,619.43,1220
21473,SWEETHEART CREAM STEEL TABLE RECT,618.66,27
20772,GARDEN PATH JOURNAL,618.64,246
22288,HANGING METAL RABBIT DECORATION,618.2,475
21426,WOODLAND STORAGE BOX SMALL,616.1800000000001,252
23180,MUM'S KITCHEN CLOCK,616.14,121
23408,PHOTO FRAME LINEN AND LACE SMALL,615.6800000000001,296
21784,SHOE SHINE BOX ,613.17,55
21171,BATHROOM METAL SIGN ,613.14,438
23018,LARGE APOTHECARY MEASURING JAR ,612.1600000000001,51
22420,LIPSTICK PEN BABY PINK,611.72,1334
20764,ABSTRACT CIRCLES SKETCHBOOK ,610.8100000000001,144
22021,BLUE FELT EASTER EGG BASKET,610.4499999999999,365
22116,METAL SIGN HIS DINNER IS SERVED,610.22,563
22194,BLACK DINER WALL CLOCK,608.6899999999999,64
85170C,SET/6 EAU DE NIL BIRD T-LIGHTS,608.53,335
21769,VINTAGE POST OFFICE CABINET,607.6500000000001,11
21709,FOLDING UMBRELLA CHOCOLATE POLKADOT,607.23,133
72598,SET/12 TAPER CANDLES,605.89,607
22515,CHILDS GARDEN SPADE PINK,604.75,264
23520,EMBROIDERED RIBBON REEL RUBY ,604.3,168
23425,STORAGE TIN HOME SWEET HOME,604.01,268
22255,FELT TOADSTOOL  SMALL,602.63,629
21159,MOODY BOY  DOOR HANGER ,602.18,1127
21448,12 DAISY PEGS IN WOOD BOX,600.8699999999999,349
22359,GLASS JAR KINGS CHOICE,599.8700000000001,181
20932,PINK POT PLANT CANDLE,599.2900000000001,194
21014,SWISS CHALET TREE DECORATION ,598.8199999999999,1385
84800L,LARGE WHITE/PINK ROSE ART FLOWER,598.8000000000001,336
22266,EASTER DECORATION HANGING BUNNY,596.5,1888
22057,CERAMIC PLATE STRAWBERRY DESIGN,596.4,536
22642,SET OF 4 NAPKIN CHARMS STARS   ,596.36,269
17012B,ORIGAMI JASMINE INCENSE/CANDLE SET,595.85,525
85141,JARDIN ETCHED GLASS FRUITBOWL,595.19,115
21292,SMALL STRIPES CHOCOLATE GIFT BAG ,594.51,867
21253,SET OF PICTURE FRAME  STICKERS,593.37,135
22247,BUNNY DECORATION MAGIC GARDEN,593.14,670
23377,PACK OF 12 DOLLY GIRL TISSUES,590.5,1346
85017B,ENVELOPE 50 BLOSSOM IMAGES,590.09,1065
21015,DARK BIRD HOUSE TREE DECORATION,588.9699999999999,1481
23499,SET 12 VINTAGE DOILY CHALK ,587.49,1315
85180B,PINK HEARTS LIGHT CHAIN ,587.2,271
85144,JARDIN ETCHED GLASS BUTTER DISH,586.6,222
84748,FOLK FELT HANGING MULTICOL GARLAND,585.86,208
21576,LETS GO SHOPPING COTTON TOTE BAG,585.34,252
22096,PINK PAISLEY SQUARE TISSUE BOX ,584.48,1367
22319,HAIRCLIPS FORTIES FABRIC ASSORTED,583.96,1340
85036B,CHOCOLATE 1 WICK MORRIS BOX CANDLE,583.9300000000001,363
20866,BLUE ROSE FABRIC MIRROR,583.75,478
22703,PINK CAT BOWL,583.33,360
84625A,PINK NEW BAROQUECANDLESTICK CANDLE,582.18,458
20832,RED FLOCK LOVE HEART PHOTO FRAME,581.18,1090
23537,I LOVE LONDON WALL ART,581.13,111
21096,SET/6 FRUIT SALAD  PAPER PLATES,581.09,1259
85136A,YELLOW SHARK HELICOPTER,580.36,72
23565,EGG CUP MILKMAID HELGA ,580.06,405
35971,ROSE FOLKART HEART DECORATIONS,579.68,445
20702,PINK PADDED MOBILE,577.79,135
23125,6PC WOOD PLATE SET DISPOSABLE,574.88,459
22337,ANGEL DECORATION PAINTED ZINC ,574.5400000000001,912
22233,JIGSAW RABBIT AND BIRDHOUSE,574.14,576
22820,GIFT BAG BIRTHDAY,574.12,938
22260,FELT EGG COSY BLUE RABBIT ,574.04,548
84754,S/15 SILVER GLASS BAUBLES IN BAG,572.88,414
21468,BUTTERFLY CROCHET FOOD COVER,572.23,148
22825,DECORATIVE PLANT POT WITH FRIEZE,570.87,71
47310M,"SMALL POP BOX,FUNKY MONKEY",570.4499999999999,410
23455,SMALL PARLOUR PICTURE FRAME,569.4300000000001,207
85130D,BEADED CRYSTAL HEART PINK LARGE,569.29,565
21251,DINOSAUR HEIGHT CHART STICKER SET,568.98,182
23069,EDWARDIAN PHOTO FRAME,568.71,90
85161,ACRYLIC GEOMETRIC LAMP,568.65,35
23219,LAUREL STAR ANTIQUE SILVER ,568.6,430
84796A,PINK HAWAIIAN PICNIC HAMPER FOR 2,568.13,61
23381,PACK OF 12 VINTAGE LEAF TISSUES ,567.9499999999999,1509
21488,RED WHITE SCARF  HOT WATER BOTTLE,566.1700000000001,69
22482,BLUE TEA TOWEL CLASSIC DESIGN,565.86,478
85019A,ROMANTIC IMAGES NOTEBOOK SET,564.35,414
21581,SKULLS  DESIGN  COTTON TOTE BAG,563.67,240
21675,BUTTERFLIES STICKERS,563.16,622
23272,TREE T-LIGHT HOLDER WILLIE WINKIE,562.2199999999999,364
22272,FELTCRAFT DOLL MARIA,561.97,195
84569D,PACK 6 HEART/ICE-CREAM PATCHES,561.87,468
21219,SET/4 BADGES BALLOON GIRL,561.84,448
84912A,PINK ROSE WASHBAG,560.62,156
85016,SET OF 6 VINTAGE NOTELETS KIT,560.11,563
21264,WHITE GOOSE FEATHER TREE 60CM ,559.9499999999999,277
85163A,WHITE BAROQUE WALL CLOCK ,559.0,66
21849,SILVER DIAMANTE PEN IN GIFT BOX,558.83,175
23451,SQUARE MINI PORTRAIT FRAME,558.12,278
21662,VINTAGE GLASS COFFEE CADDY,557.3000000000001,86
85025B,EAU DE NILE HEART SHAPE PHOTO FRAME,556.77,330
85187,S/12 MINI RABBIT EASTER,556.53,337
23016,GLASS TWIST BON BON JAR,555.3,71
23457,LARGE PARLOUR PICTURE FRAME,554.83,113
84951B,SET OF 4 BLACK LOVEBIRD COASTERS,554.78,451
85032D,YULETIDE IMAGES GIFT WRAP SET,553.5400000000001,675
35599D,PINK AND WHITE CHRISTMAS TREE 120CM,553.07,201
23473,WOODLAND SMALL RED FELT HEART,552.85,679
17129F,BLUE GLASS GEMS IN BAG,552.13,586
21638,ASSORTED TUTTI FRUTTI NOTEBOOK,551.96,249
21194,PINK  HONEYCOMB PAPER FAN,551.57,489
35599B,BLACK CHRISTMAS TREE 120CM,551.13,217
22102,MIRROR MOSAIC T-LIGHT HOLDER ,551.04,902
17012D,ORIGAMI ROSE INCENSE/CANDLE SET ,550.64,463
22903,CALENDAR FAMILY FAVOURITES,550.6,193
21397,BLUE POLKADOT EGG CUP ,550.43,1075
22232,JIGSAW TOADSTOOLS 3 PIECE,549.74,626
85172,HYACINTH BULB T-LIGHT CANDLES,549.1,1265
23549,WRAP BIRD GARDEN ,548.1,1305
47563A,RETRO LONGBOARD IRONING BOARD COVER,547.76,282
23484,HEART TRELLISTRIPLE T-LIGHT HOLDER,547.35,185
21128,GOLD FISHING GNOME,546.6,68
71279,PINK GLASS CANDLEHOLDER,546.57,171
85107,CUT GLASS T-LIGHT HOLDER OCTAGON,546.49,251
22261,FELT EGG COSY WHITE RABBIT ,546.41,581
90062,CARNIVAL BRACELET,545.28,43
22513,DOORSTOP FOOTBALL DESIGN,543.65,153
23043,PAPER LANTERN 9 POINT HOLLY STAR 40,543.51,81
23074,EMBOSSED HEART TRINKET BOX,543.11,244
22023,EMPIRE BIRTHDAY CARD,538.72,1206
23398,HANGING HEART BONHEUR,537.9,609
20893,HANGING BAUBLE T-LIGHT HOLDER SMALL,535.97,233
22717,CARD DOG AND BALL ,535.78,1229
84951A,SET OF 4 PISTACHIO LOVEBIRD COASTER,534.84,452
85114c,RED ENCHANTED FOREST PLACEMAT,534.66,162
22521,CHILDS GARDEN TROWEL PINK,533.16,618
35965,FOLKART HEART NAPKIN RINGS,532.17,342
22543,MINI JIGSAW BAKE A CAKE ,531.64,1455
85088,CANDY SPOT HAND BAG,530.63,257
17012F,ORIGAMI SANDLEWOOD INCENSE/CAND SET,530.6,448
35241,ENAMEL BLUE RIM BISCUIT BIN,530.49,103
21270,ANTIQUE CREAM CUTLERY CUPBOARD,530.19,50
75131,METAL TUBE CHIME ON BAMBOO,529.21,490
22709,WRAP WEDDING DAY,528.5,1325
23060,HEART BEADED TRELLIS DECORATION,528.1700000000001,249
22707,WRAP MONSTER FUN ,527.94,1257
22275,WEEKEND BAG VINTAGE ROSE PAISLEY,527.85,69
21277,FRENCH STYLE EMBOSSED HEART CABINET,527.53,24
82613D,METAL SIGN CUPCAKE SINGLE HOOK,527.09,677
22496,SET OF 2 ROUND TINS DUTCH CHEESE,526.26,250
20785,FUSCHIA RETRO BAR STOOL,523.3000000000001,14
22861,EASTER TIN CHICKS IN GARDEN,522.93,305
23336,EGG FRYING PAN PINK ,521.33,226
85131B,BEADED CRYSTAL HEART GREEN ON STICK,521.11,623
85025C,PINK HEART SHAPE PHOTO FRAME,520.91,321
84313B,BLUE TV TRAY TABLE ,518.61,127
21059,PARTY INVITES DINOSAURS,518.03,599
20761,BLUE PAISLEY SKETCHBOOK,517.22,123
85104,SILVER GLASS T-LIGHT SET,516.9,198
85135B,BLUE DRAGONFLY HELICOPTER,516.6,64
21801,CHRISTMAS TREE DECORATION WITH BELL,515.14,1215
21711,FOLDING UMBRELLA WHITE/RED POLKADOT,513.02,104
22216,T-LIGHT HOLDER WHITE LACE,512.93,588
23139,SINGLE WIRE HOOK PINK HEART,512.75,403
23136,IVORY WIRE SWEETHEART LETTER TRAY,511.89,135
22280,POCKET BAG PINK PAISELY BROWN SPOT,510.84,469
84352,SILVER CHRISTMAS TREE BAUBLE STAND ,509.54999999999995,30
21654,RIDGED GLASS FINGER BOWL,509.36,986
72819,CUPID DESIGN SCENTED CANDLES,509.07,225
22248,DECORATION  PINK CHICK MAGIC GARDEN,508.94,574
84520B,PACK 20 ENGLISH ROSE PAPER NAPKINS,508.36999999999995,554
23660,HENRIETTA HEN MUG ,508.25999999999993,290
84665,SQUARE CHERRY BLOSSOM CABINET,505.75,85
21455,PAINTED YELLOW WOODEN DAISY,505.73999999999995,599
20998,ROSE DU SUD OVEN GLOVE,505.20000000000005,185
23021,GLASS BONNE JAM JAR,504.97,121
22127,PARTY CONES CARNIVAL ASSORTED,504.88,404
84509C,SET OF 4 POLKADOT PLACEMATS ,502.69,131
23560,SET OF 6 RIBBONS COUNTRY STYLE,502.07000000000005,173
21710,FOLDING UMBRELLA PINKWHITE POLKADOT,501.98,107
20766,GARDEN PATH SKETCHBOOK,501.07,124
20681,PINK POLKADOT CHILDRENS UMBRELLA,500.46,138
82616C,MIDNIGHT GLAMOUR SCARF KNITTING KIT,497.69,321
22618,COOKING SET RETROSPOT,497.3499999999999,49
22516,CHILDS GARDEN RAKE BLUE,496.99,207
84970s,HANGING HEART ZINC T-LIGHT HOLDER,496.49,238
23117,POPPY FIELDS CHOPPING BOARD,496.28000000000003,92
21925,UNION STRIPE CUSHION COVER ,496.25,397
21972,SET OF 36 DINOSAUR PAPER DOILIES,496.17999999999995,333
84625C,BLUE NEW BAROQUE CANDLESTICK CANDLE,494.76,400
21358,TOAST ITS - HAPPY BIRTHDAY,494.54,412
82616B,FRAPPUCINO SCARF KNITTING KIT,494.44,335
82613B,"METAL SIGN,CUPCAKE SINGLE HOOK",493.09,564
46776C,WOVEN FROST CUSHION COVER,492.79,117
85231G,ORANGE SCENTED SET/9 T-LIGHTS,492.77,584
21926,RED/CREAM STRIPE CUSHION COVER ,492.4,400
35598D,PINK/WHITE CHRISTMAS TREE 60CM,492.36,683
22511,RETROSPOT BABUSHKA DOORSTOP,491.45,250
23466,TUSCAN VILLA DOVECOTE,489.78,54
21632,VINTAGE PINK DECORATIVE PARASOL,489.74,88
35809A,ENAMEL PINK TEA CONTAINER,488.89,421
22050,PINK PAISLEY ROSE GIFT WRAP,488.0,1200
21202,DOLLY HONEYCOMB GARLAND,487.11,475
21867,PINK UNION JACK  LUGGAGE TAG,486.5,353
21454,PAINTED PINK RABBIT ,486.01,573
84598,BOYS ALPHABET IRON ON PATCHES,485.56,1687
17012C,ORIGAMI LAVENDER INCENSE/CANDL SET ,484.34999999999997,421
23218,LAUREL STAR ANTIQUE GOLD,483.03,379
21634,ASSORTED MINI MADRAS NOTEBOOK,481.95,976
23691,KEEP CALM BIRTHDAY WRAP,481.5,1175
21587,COSY HOUR GIANT TUBE MATCHES,480.75,197
84687,BEACH HUT SHELF W 3 DRAWERS,480.63,77
21741,COSY SLIPPER SHOES LARGE GREEN,480.1700000000001,147
22638,SET OF 4 NAPKIN CHARMS CROWNS ,479.33,299
22181,SNOWSTORM PHOTO FRAME FRIDGE MAGNET,477.96,564
23422,PANTRY HOOK BALLOON WHISK ,477.89,213
85049F,BABY BOOM RIBBONS ,477.34,378
21067,VINTAGE RED TEATIME MUG,477.27,292
84849B,FAIRY SOAP SOAP HOLDER,477.14,265
21472,LADYBIRD + BEE RAFFIA FOOD COVER,476.41,123
23561,SET OF 6 RIBBONS PARTY,476.0,170
85093,CANDY SPOT EGG WARMER HARE,475.18,708
90209C,PINK ENAMEL+GLASS HAIR COMB,474.2,260
85194S,HANGING SPRING FLOWER EGG SMALL,470.78000000000003,1168
21366,MIRRORED WALL ART PHOTO FRAMES,470.16999999999996,89
20716,PARTY FOOD SHOPPER BAG,469.63,400
84929,ASSTD FRUIT+FLOWERS FRIDGE MAGNETS,469.07000000000005,2105
22230,JIGSAW TREE WITH WATERING CAN,467.39,1032
20707,CRAZY DAISY HEART DECORATION,467.14,463
20615,BLUE POLKADOT PASSPORT COVER,466.99,309
20831,GOLD PHOTO FRAME,466.53000000000003,216
84917,WHITE HAND TOWEL WITH BUTTERFLY,466.3,184
23379,PACK OF 12 RED APPLE TISSUES,465.36,1220
21374,MIRRORED WALL ART SKULLS,463.79,304
22517,CHILDS GARDEN RAKE PINK,462.33000000000004,206
84820,DANISH ROSE TRINKET TRAYS,460.83000000000004,257
35598B,BLACK CHRISTMAS TREE 60CM,460.64,558
21003,ROSE DU SUD CUSHION COVER,460.58,78
22344,PARTY PIZZA DISH PINK POLKADOT,460.38,1228
21063,PARTY INVITES JAZZ HEARTS,458.31,528
21062,PARTY INVITES SPACEMAN,458.22999999999996,539
84674,FLYING PIG WATERING CAN,458.1,190
21220,SET/4 BADGES DOGS,457.51,348
17096,ASSORTED LAQUERED INCENSE HOLDERS,455.9800000000001,2545
21851,LILAC DIAMANTE PEN IN GIFT BOX,454.99,141
22184,CAKE STAND VICTORIAN FILIGREE LARGE,454.86,54
21415,CLAM SHELL SMALL ,454.42,223
23023,RIDGED BONNE JAM JAR T-LIGHT HOLDER,454.31999999999994,284
84920,PINK FLOWER FABRIC PONY,453.73,117
84916,HAND TOWEL PALE BLUE W FLOWERS,453.39,223
23509,MINI PLAYING CARDS FUN FAIR ,452.72,1065
21061,PARTY INVITES FOOTBALL,451.7,488
21641,ASSORTED TUTTI FRUTTI KEYRING BALL,451.59,1153
23548,WRAP MAGIC FOREST ,451.5,1075
20838,FRENCH LATTICE CUSHION COVER ,451.25,373
48189,DOORMAT FRIENDSHIP ,451.10999999999996,27
35004G,SET OF 3 GOLD FLYING DUCKS,450.75,125
20803,SMALL PINK GLASS SUNDAE DISH,450.16,877
84872A,TEATIME FUNKY FLOWER BACKPACK FOR 2,450.08,40
20770,ABSTRACT CIRCLE JOURNAL ,449.8,185
22640,SET OF 4 NAPKIN CHARMS 3 KEYS ,449.39,238
22647,CERAMIC LOVE HEART MONEY BANK,448.78,720
20669,RED HEART LUGGAGE TAG,447.34,304
21365,MIRRORED WALL ART STARS,447.09000000000003,363
22390,PAPERWEIGHT CHILDHOOD MEMORIES,445.44,268
22643,SET OF 4 NAPKIN CHARMS LEAVES   ,445.16999999999996,240
21656,RIDGED GLASS POSY VASE ,444.58,219
21580,RABBIT  DESIGN  COTTON TOTE BAG,444.07,181
22598,CHRISTMAS MUSICAL ZINC TREE,442.26,988
20903,VINTAGE KEEPSAKE BOX TRAVELOGUE,441.89,82
20768,GREEN FERN JOURNAL ,441.12,177
85111,SILVER GLITTER FLOWER VOTIVE HOLDER,441.07,1421
35637A,IVORY STRING CURTAIN WITH POLE ,440.62,170
20619,TROPICAL PASSPORT COVER ,439.65,262
21828,EIGHT PIECE SNAKE  SET,439.54,333
84600,NEW BAROQUE JEWELLERY BOX ,438.94,52
85130C,BEADED CRYSTAL HEART BLUE  LARGE,438.87,483
85169C,EAU DE NIL LOVE BIRD CANDLE,437.86,417
82613C,"METAL SIGN,CUPCAKE SINGLE HOOK",436.23,518
17107D,"FLOWER FAIRY,5 SUMMER B'DRAW LINERS",436.04999999999995,171
23044,PAPER LANTERN 9 POINT HOLLY STAR S,435.74000000000007,104
22545,MINI JIGSAW BUNNIES,435.67,1142
84976,RECTANGULAR SHAPED MIRROR,435.09000000000003,498
84360,TABLE LAMP WHITE SHADE WOOD BASE,434.12,78
35653,VINTAGE BEAD NOTEBOOK,433.19,150
85168B,BLACK BAROQUE CARRIAGE CLOCK,432.78999999999996,51
22389,PAPERWEIGHT SAVE THE PLANET,431.54999999999995,238
23058,CHRISTMAS HANGING SNOWFLAKE,430.86,490
22229,BUNNY WOODEN PAINTED WITH FLOWER ,430.76,566
21002,ROSE DU SUD DRAWSTRING BAG,428.66,125
77101A,UNION FLAG WINDSOCK,428.19,388
85071C,"CHARLIE+LOLA""EXTREMELY BUSY"" SIGN",428.0,683
21758,VINTAGE SHELLS PRINT,427.46000000000004,50
20705,MRS ROBOT SOFT TOY,426.9,142
84658,WHITE STITCHED CUSHION COVER,426.13,59
21088,SET/6 FRUIT SALAD PAPER CUPS,426.0,1666
72799F,IVORY PILLAR CANDLE GOLD FLOCK,424.08000000000004,145
84931B,BLUE SCOTTIE DOG W FLOWER PATTERN,424.08,177
20765,CHRYSANTHEMUM SKETCHBOOK ,423.55,104
90200E,GREEN SWEETHEART BRACELET,423.41,103
90154,LAZER CUT NECKLACE W PASTEL BEADS,421.75,57
85136C,RED SHARK HELICOPTER,421.18,52
20762,GREEN FERN SKETCHBOOK ,420.08,106
22051,BLUE SCANDINAVIAN PAISLEY WRAP,420.0,1000
22134,LADLE LOVE HEART RED ,419.42,890
85208,SET/12 FUNKY FELT FLOWER PEG IN BAG,419.01000000000005,224
84970l,SINGLE HEART ZINC T-LIGHT HOLDER,418.98,201
90114,SUMMER DAISIES BAG CHARM,417.96,167
22405,MONEY BOX POCKET MONEY DESIGN,416.8,373
22214,CANDLE PLATE LACE WHITE,416.59999999999997,193
21147,JINGLE BELLS TREE DECORATION,415.77,203
22108,PING! MICROWAVE PLATE,415.09000000000003,152
23045,PAPER LANTERN 5 POINT STAR MOON 30,414.9800000000001,98
21817,GLITTER CHRISTMAS TREE,414.63,912
84616,SILVER ROCCOCO CHANDELIER,414.46999999999997,11
21884,CAKES AND BOWS GIFT  TAPE,413.76,1166
90161C,ANT COPPER LIME BOUDICCA BRACELET,412.74,83
15056p,EDWARDIAN PARASOL PINK,412.48,33
84596E,SMALL LICORICE DES PINK BOWL,412.1,565
84806B,WHITE CANDYSTUFT ARTIFICIAL FLOWER,411.55999999999995,308
22447,PIN CUSHION BABUSHKA BLUE,410.81,137
85203,HANGING WOOD AND FELT BUTTERFLY ,409.41,896
21318,GLASS CHALICE BLUE SMALL ,408.37,679
20830,SILVER PHOTO FRAME,407.73,135
84821,DANISH ROSE DELUXE COASTER,407.15,935
22510,GINGHAM BABUSHKA DOORSTOP,406.49,211
21129,SILVER FISHING GNOME ,405.62,50
35964,FOLKART CLIP ON STARS,405.25,786
23339,EGG FRYING PAN BLUE ,405.0,175
16219,HOUSE SHAPE PENCIL SHARPENER,404.84,3000
23415,HOME SWEET HOME HOOK,403.92999999999995,323
22406,MONEY BOX KINGS CHOICE DESIGN,402.21,345
23576,SNACK TRAY RED VINTAGE DOILY,400.03999999999996,198
23429,RED RETRO KITCHEN WALL CLOCK,400.01,47
37476,CONDIMENT TRAY 4 BOWLS AND 4 SPOONS,399.02,37
21285,RETROSPOT CANDLE  MEDIUM,398.28000000000003,341
21131,GOLD STANDING GNOME,398.02,106
84974,S/2 ZINC HEART DESIGN PLANTERS,398.0,40
18007,ESSENTIAL BALM 3.5g TIN IN ENVELOPE,395.61,5884
47421,ASSORTED COLOUR LIZARD SUCTION HOOK,395.09999999999997,999
22256,FELT FARM ANIMAL CHICKEN,394.15,291
20867,PINK ROSE FABRIC MIRROR,393.46999999999997,331
23116,VEGETABLE GARDEN CHOPPING BOARD,392.34000000000003,78
21579,LOLITA  DESIGN  COTTON TOTE BAG,391.72,168
23337,EGG FRYING PAN MINT ,388.75,180
90200B,BLACK SWEETHEART BRACELET,388.58,92
35095A,BLUE VICTORIAN FABRIC OVAL BOX,388.57,925
23150,IVORY SWEETHEART SOAP DISH,388.26000000000005,147
23039,T-LIGHT HOLDER SILVER HEART HANDLE,388.01,193
21879,HEARTS GIFT TAPE,386.77000000000004,1178
22345,PARTY PIZZA DISH BLUE POLKADOT,384.32,1102
21881,CUTE CATS TAPE,383.11,1102
22048,BIRTHDAY BANQUET GIFT WRAP,383.0,950
84919,BLUE CUSHION COVER WITH FLOWER,381.78000000000003,58
22346,PARTY PIZZA DISH GREEN POLKADOT,381.65999999999997,1037
85179A,GREEN BITTY LIGHT CHAIN,380.79,193
21562,HAWAIIAN GRASS SKIRT ,380.36,324
21373,MIRRORED WALL ART SNOWFLAKES,380.04,500
16045,POPART WOODEN PENCILS ASST,380.0,8900
46776D,WOVEN SUNSET CUSHION COVER ,378.29,89
90161B,ANT COPPER TURQ BOUDICCA BRACELET,377.88,76
21051,RIBBONS PURSE ,377.2,192
90160C,TURQ+RED BOUDICCA LARGE BRACELET,377.04,54
47367B,PAIR PADDED HANGERS PINK CHECK,376.27000000000004,112
17012A,ORIGAMI VANILLA INCENSE/CANDLE SET ,375.93,323
84559A,3D SHEET OF DOG STICKERS,375.60999999999996,397
23459,DOLLY CABINET 2 DRAWERS ,375.0,30
21635,MADRAS NOTEBOOK LARGE ,374.96000000000004,271
85232A,SET/3 POLKADOT STACKING TINS,374.7,75
20782,CAMOUFLAGE EAR MUFF HEADPHONES,373.57,54
21945,STRAWBERRIES  DESIGN FLANNEL ,373.34,358
16011,ANIMAL STICKERS,372.33,1773
84915,HAND TOWEL PINK FLOWER AND DAISY,372.33,217
22486,PLASMATRONIC LAMP,369.95,65
21689,SILVER VANILLA  FLOWER CANDLE POT,369.87,95
84563A,PINK & WHITE BREAKFAST TRAY,369.84000000000003,96
23575,SNACK TRAY PAISLEY PARK,367.34999999999997,179
22532,MAGIC DRAWING SLATE LEAP FROG ,366.75,1072
22265,EASTER DECORATION NATURAL CHICK,366.15000000000003,540
21000,ROSE DU SUD COSMETICS BAG,365.09,97
84663A,GRASS HOPPER WOODEN WALL CLOCK ,365.01,267
20854,BLUE PATCH PURSE PINK HEART,363.21999999999997,230
23579,SNACK TRAY I LOVE LONDON,362.65,171
21286,RETROSPOT CANDLE  LARGE,362.12,273
21348,PINK SPOTS CHOCOLATE NESTING BOXES ,361.55999999999995,140
16008,SMALL FOLDING SCISSOR(POINTED EDGE),360.71,2892
85049e,SCANDINAVIAN REDS RIBBONS,360.71,109
23661,MILK MAIDS MUG ,360.59,199
35954,SMALL FOLKART STAR CHRISTMAS DEC,359.6,1293
21060,PARTY INVITES BALLOON GIRL,359.28999999999996,405
84563B,BLUE & WHITE BREAKFAST TRAY,358.1,98
90209B,GREEN ENAMEL+GLASS HAIR COMB,357.74,185
22100,SKULLS SQUARE TISSUE BOX,356.46000000000004,757
82095,HEART BUTTONS JEWELLERY BOX,356.11,68
85169B,BLACK LOVE BIRD CANDLE,356.06,329
84569A,PACK 3 IRON ON DOG PATCHES,355.84,294
21724,PANDA AND BUNNIES STICKER SHEET,355.83,408
85169D,PINK LOVE BIRD CANDLE,354.83,350
21001,ROSE DU SUD WASHBAG ,354.14,74
37482P,CUBIC MUG PINK POLKADOT,354.03,506
21664,RIDGED GLASS STORAGE JAR CREAM LID,353.97,99
21723,ALPHABET HEARTS STICKER SHEET,353.47999999999996,401
23420,PANTRY HOOK TEA STRAINER ,353.45,165
23421,PANTRY HOOK SPATULA,353.36,162
21222,SET/4 BADGES BEETLES,353.19,269
21263,GREEN GOOSE FEATHER TREE 60CM,353.07,169
35095B,RED VICTORIAN FABRIC OVAL BOX,352.25,862
79030D,"TUMBLER, BAROQUE",352.18,586
20652,BLUE POLKADOT LUGGAGE TAG ,350.61,268
21555,CERAMIC STRAWBERRY TRINKET TRAY,350.46999999999997,137
22529,MAGIC DRAWING SLATE GO TO THE FAIR ,349.87,853
21320,GLASS CHALICE GREEN  LARGE ,349.52000000000004,190
20934,SET/3 POT PLANT CANDLES,349.16,54
84924A,WAKE UP COCKEREL CALENDAR SIGN ,348.59000000000003,81
21421,PORCELAIN ROSE LARGE ,348.43000000000006,299
21197,MULTICOLOUR  CONFETTI IN TUBE,348.30999999999995,263
21284,RETROSPOT CANDLE  SMALL,345.82,368
20700,GREEN CAT FLORAL CUSHION COVER ,345.17,73
47591B,SCOTTIES CHILDRENS APRON,344.78999999999996,209
85129D,BEADED CRYSTAL HEART PINK SMALL,343.99,208
22104,MIRROR MOSAIC CANDLE PLATE,343.71,288
35957,SMALLFOLKART BAUBLE CHRISTMAS DEC,343.57,592
90149,SILVER FLOWR PINK SHELL NECKLACE,342.76000000000005,53
47559b,TEA TIME OVEN GLOVE,342.65,103
84826,ASSTD DESIGN 3D PAPER STICKERS,340.93,1105
20856,DENIM PATCH PURSE PINK BUTTERFLY,340.78999999999996,206
21221,SET/4 BADGES CUTE CREATURES,340.22,261
21850,BLUE  DIAMANTE PEN IN GIFT BOX,340.08,94
71270,PHOTO CLIP LINE,338.73,239
22547,MINI JIGSAW DINOSAUR ,337.39,807
72122,COFFEE SCENT PILLAR CANDLE,336.73999999999995,325
84926E,FLOWERS TILE COASTER,334.76,992
23047,PAPER LANTERN 5 POINT SEQUIN STAR,333.5,58
85230B,CINNAMON SCENTED VOTIVE CANDLE,333.2,1288
85213,MINI  ZINC GARDEN DECORATIONS ,333.17999999999995,840
22259,FELT FARM ANIMAL HEN,332.84,481
84638,SMALL KITCHEN FLOWER POTS PLAQUE,331.5,50
21248,DOOR HANGER  MUM + DADS ROOM,329.27,204
90200A,PURPLE SWEETHEART BRACELET,328.44,78
21167,WHITE SAGE INCENSE,326.64,1382
84708B,PINK JEWELLED PHOTO FRAME ,326.35,62
85204,HANGING WOOD AND FELT FLOWER,325.84,2054
23037,CANDLE HOLDER SILVER MADELINE,325.15999999999997,196
84247E,PACK/12 XMAS FUN CARD,325.09000000000003,120
84631,FRUIT TREE AND BIRDS WALL PLAQUE,324.68,38
23478,WOODLAND LARGE PINK FELT HEART,324.40000000000003,285
23695,DOILY THANK YOU CARD,323.32,765
85205B,PINK FELT EASTER RABBIT GARLAND,323.15,122
22135,LADLE LOVE HEART PINK,322.8,568
84931A,PINK SCOTTIE DOG W FLOWER PATTERN,322.53999999999996,135
84509c,SET OF 4 POLKADOT PLACEMATS ,322.22,43
21403,BLUE EGG  SPOON,322.18,1857
22092,BLUE PAISLEY TISSUE BOX,322.18,672
16238,PARTY TIME PENCIL ERASERS,322.09,1398
84952B,BLACK LOVE BIRD T-LIGHT HOLDER,320.89,183
21425,SKULLS STORAGE BOX LARGE,320.49,87
16236,KITTY PENCIL ERASERS,320.09,1438
21371,MIRRORED WALL ART POPPIES,319.71,287
21026,SPACE OWL,319.5,258
90161D,ANT COPPER PINK BOUDICCA BRACELET,318.89000000000004,64
84876B,GREEN HEART COMPACT MIRROR,318.31,220
20780,BLACK EAR MUFF HEADPHONES,318.19,48
16259,PIECE OF CAMO STATIONERY SET,317.92,3272
84884a,ANT WHITE WIRE HEART SPIRAL,317.71999999999997,38
84849A,HELLO SAILOR BLUE SOAP HOLDER,317.3,164
46118,FUNKY MONKEY CUSHION COVER,317.16999999999996,232
22765,NEWSPAPER STAND,316.95000000000005,27
20936,FORKED CACTUS CANDLE,316.71000000000004,99
35915C,PEACH KNITTED HEN ,316.46,315
90198A,VINTAGE ROSE BEAD BRACELET RASPBERR,315.73,75
22202,MILK PAN PINK POLKADOT,315.6,63
21375,LARGE CAMPHOR WOOD FIELD MUSHROOM ,315.27,43
85202,HANGING WOOD AND FELT HEART,314.81,676
85170B,SET/6 BLACK BIRD T-LIGHT CANDLES,314.65,214
84584,PINK GINGHAM CAT WITH SCARF,314.51,144
21841,BABY MOUSE RED GINGHAM DRESS,314.5,74
17084N,FAIRY DREAMS INCENSE ,313.31,1264
85014b,RED RETROSPOT UMBRELLA,313.06,25
84358,FLOOR LAMP SHADE WOOD BASE,312.7,33
21442,GREEN BIRDHOUSE DECORATION,310.49,440
21944,KITTENS DESIGN FLANNEL,310.19,337
47021G,SET/6 BEAD COASTERS GAUZE BAG GOLD,309.29999999999995,582
22124,SET OF 2 TEA TOWELS PING MICROWAVE,309.11,150
21719,LOVELY BONBON STICKER SHEET,307.44,345
47594B,SCOTTIES DESIGN WASHBAG,306.75,166
23495,SET OF 3 PANTRY WOODEN SPOONS,306.66,225
20622,VIPPASSPORT COVER ,305.8,186
22040,BOTANICAL ROSE GIFT WRAP,304.5,725
22043,CHRISTMAS CARD SCREEN PRINT ,304.5,1238
90147,CHUNKY SILVER NECKLACE PASTEL FLOWE,304.11,30
22641,SET OF 4 NAPKIN CHARMS INSTRUMENT,303.72999999999996,139
72586,SET OF 6 HALLOWEEN GHOST T-LIGHTS,303.55,657
84766,SILVER ROCOCO CANDLE STICK,303.45,131
21942,SKULLS DESIGN FLANNEL,302.81,275
23430,BLUE RETRO KITCHEN WALL CLOCK,301.88,36
35912B,WHITE/PINK CHICK DECORATION,301.26,252
84661B,BLACK SQUARE TABLE CLOCK,300.24,115
84632,DECORATIVE HANGING SHELVING UNIT,299.75,5
21761,WOOD AND GLASS MEDICINE CABINET,299.5,10
23440,PAINT YOUR OWN EGGS IN CRATE,299.36,164
22409,MONEY BOX BISCUITS DESIGN,298.47,227
90184B,AMETHYST CHUNKY BEAD BRACELET W STR,297.94,33
84596J,MIXED NUTS LIGHT GREEN BOWL,296.45,568
85186A,EASTER BUNNY GARLAND OF FLOWERS,293.8,615
79051A,SMOKEY GREY COLOUR D.O.F. GLASS,293.31,831
20655,QUEEN OF SKIES LUGGAGE TAG,292.29,197
35911A,MULTICOLOUR RABBIT EGG WARMER,292.07,319
21441,BLUE BIRDHOUSE DECORATION,292.03,421
72800B, 4 PURPLE FLOCK DINNER CANDLES,290.8,144
23567,EGG CUP HENRIETTA HEN PINK,290.33,210
21386,IVORY HANGING DECORATION  EGG,290.2,733
16015,MEDIUM CHINESE STYLE SCISSOR,289.98,662
85024B,EAU DE NILE JEWELLED PHOTOFRAME,289.65,193
23015,CORDIAL GLASS JUG,288.88,34
21503,TOYBOX  WRAP ,288.5,725
46776E,WOVEN CANDY CUSHION COVER ,288.43,67
71403,"PINK/WHITE ""KEEP CLEAN"" BULLET BIN",286.91,77
20618,QUEEN OF THE SKIES PASSPORT COVER ,286.39,148
22049,WRAP CHRISTMAS SCREEN PRINT,285.75,1050
37413,ICON MUG REVOLUTIONARY,284.49,703
18094C,WHITE AND BLUE CERAMIC OIL BURNER,283.93,192
21666,RIDGED GLASS T-LIGHT HOLDER,283.51,412
16218,CARTOON  PENCIL SHARPENERS,283.31,3821
20777,CHRYSANTHEMUM NOTEBOOK,282.48999999999995,169
84341B,SMALL PINK MAGIC CHRISTMAS TREE,282.38,645
84872a,TEATIME FUNKY FLOWER BACKPACK FOR 2,282.15,26
23410,CURIO CABINET LINEN AND LACE ,281.95,35
79190B,RETRO PLASTIC POLKA TRAY,281.64,691
23481,PEARLISED IVORY HEART SMALL ,281.17,228
22257,FELT FARM ANIMAL SHEEP,280.42,373
71101E,STANDING FAIRY POLE SUPPORT ,280.2,348
84816,DANISH ROSE BEDSIDE CABINET,279.65000000000003,7
21725,SWEETIES  STICKERS,277.24,301
16169M,WRAP DAISY CARPET ,277.2,660
21293,MIRRORED DOVE WALL DECORATION,276.72,116
84926D,LA PALMIERA TILE COASTER,276.53,709
85049g,CHOCOLATE BOX RIBBONS ,276.42,113
85188A,GREEN METAL SWINGING BUNNY,275.62,316
23137,ZINC WIRE SWEETHEART LETTER TRAY,275.62,83
21250,SET OF SKULL WALL STICKERS,274.37,95
20684,STRAWBERRY DREAM CHILDS UMBRELLA,273.81,81
22512,DOORSTOP RACING CAR DESIGN,273.46,123
84859A,SILVER DISCO HANDBAG,272.99,129
23141,TRIPLE WIRE HOOK PINK HEART,272.91,79
22889,NUMBER TILE VINTAGE FONT No ,272.2,173
20755,BLUE PAISLEY POCKET BOOK,272.02,307
21815,STAR  T-LIGHT HOLDER ,271.68,159
20734,SILVER MINI TAPE MEASURE ,271.21999999999997,158
85214,TUB 24 PINK FLOWER PEGS,271.03999999999996,164
23474,WOODLAND SMALL BLUE FELT HEART,270.96,312
20771,CHRYSANTHEMUM  JOURNAL,269.68,103
21785,RAIN PONCHO ,269.61,412
21332,MOROCCAN BEATEN METAL MIRROR,268.1,19
17013D,ORIGAMI ROSE INCENSE IN TUBE,267.82,535
85230E,STRAWBRY SCENTED VOTIVE CANDLE,267.45,1101
21265,PINK GOOSE FEATHER TREE 60CM,267.21,131
84795b,SUNSET CHECK HAMMOCK,266.78,16
35001W,HAND OPEN SHAPE DECO.WHITE,266.53000000000003,91
20699,MOUSEY LONG LEGS SOFT TOY,266.03,97
72800C,4 PINK DINNER CANDLE SILVER FLOCK,264.82,132
23476,WOODLAND LARGE RED FELT HEART,264.72,205
90160D,PINK BOUDICCA LARGE BRACELET,264.7,38
84952A,CLEAR LOVE BIRD T-LIGHT HOLDER,264.46999999999997,92
85039C,S/4 BLACK MINI ROSE CANDLE IN BOWL,264.12,304
18098c,PORCELAIN BUTTERFLY OIL BURNER,263.12,52
20897,VINTAGE NOTEBOOK PARIS DAYS,262.87,95
21445,12 PINK ROSE PEG PLACE SETTINGS,262.5,210
85124C,GREEN JUICY FRUIT PHOTO FRAME,261.89,94
84858C,PINK RIVIERA HANDBAG,261.68,186
16012,FOOD/DRINK SPONGE STICKERS,261.24,1244
47422,ASSORTED MONKEY SUCTION CUP HOOK,260.88,652
85186C,BUNNY EGG GARLAND,260.77,508
20794,BLUE  TILE HOOK,259.84,90
21324,HANGING MEDINA LANTERN SMALL,259.67,81
21279,VINTAGE KITCHEN PRINT FRUITS,258.5,82
78124,MAGAZINE RACK GEBRA ASSORTED ,257.75,199
79337,BLUE FLOCK GLASS CANDLEHOLDER,257.68,638
20997,ROSE DU SUD CUSHION COVER ,257.61,59
35915B,BLUE KNITTED HEN ,257.21999999999997,220
21458,2 PICTURE BOOK EGGS EASTER BUNNY,256.54,182
84952C,MIRROR LOVE BIRD T-LIGHT HOLDER,255.0,144
21269,ANTIQUE CREAM CUTLERY SHELF ,254.98000000000002,29
21379,CAMPHOR WOOD PORTOBELLO MUSHROOM,254.32999999999998,184
21547,CERAMIC BIRDHOUSE CRESTED TIT SMALL,253.53000000000003,79
48173c,DOORMAT BLACK FLOCK ,252.95000000000002,15
21882,SKULLS TAPE,252.47000000000003,706
35967,FOLK ART METAL STAR T-LIGHT HOLDER,252.33,485
22052,VINTAGE CARAVAN GIFT WRAP,252.0,600
22164,STRING OF STARS CARD HOLDER,250.22000000000003,78
21427,SKULLS STORAGE BOX SMALL,250.14000000000001,93
85071D,CHARLIE+LOLA MY ROOM DOOR SIGN,249.48999999999998,403
85124B,BLUE JUICY FRUIT PHOTO FRAME,248.76,87
20659,ECONOMY LUGGAGE TAG,248.09,159
23465,TUSCAN VILLA FEEDING STATION,247.63,29
22410,MONEY BOX HOUSEKEEPING DESIGN,247.42000000000002,237
22954,HEN PARTY CORDON BARRIER TAPE,246.38,201
21647,ASSORTED TUTTI FRUTTI LARGE PURSE,245.70000000000002,117
90175A,WHITE GLASS CHUNKY CHARM BRACELET,245.63,27
22391,PAPERWEIGHT HOME SWEET HOME,245.57999999999998,158
21676,FLOWERS  STICKERS,245.35999999999999,257
20819,SILVER TEDDY BEAR,244.72,64
22869,NUMBER TILE COTTAGE GARDEN 1,244.19,95
20616,CHERRY BLOSSOM PASSPORT COVER,243.53,194
85095,THREE CANVAS LUGGAGE TAGS,243.49,150
85230G,ORANGE VOTIVE CANDLE,243.11999999999998,984
85094,CANDY SPOT EGG WARMER RABBIT,242.32,641
22870,NUMBER TILE COTTAGE GARDEN 2,242.24,94
23475,WOODLAND SMALL PINK FELT HEART,242.17999999999998,286
84678,CLASSICAL ROSE SMALL VASE,241.98999999999998,139
84592,CROCHET ROSE PURSE WITH SUEDE BACK,241.24000000000004,76
23143,ZINC WIRE KITCHEN ORGANISER,239.97,30
21028,NINJA RABBIT BLACK,239.24,187
72131,COLUMBIAN CANDLE RECTANGLE,238.34999999999997,137
22137,BATHROOM SET LOVE HEART DESIGN,237.98000000000002,82
21644,ASSORTED TUTTI FRUTTI HEART BOX,237.5,190
90143,SILVER BRACELET W PASTEL FLOWER,237.18,31
23580,SNACK TRAY HAPPY FOREST  ,236.87,117
21360,JOY LARGE WOOD LETTERS,236.17,39
20775,DAISY NOTEBOOK ,235.18999999999997,135
16216,LETTER SHAPE PENCIL SHARPENER,234.0,3333
23036,T-LIGHT HOLDER SILVER PETIT FOUR ,233.67000000000002,185
21025,SPACE FROG,233.52,174
90201B,BLACK ENAMEL FLOWER RING,232.25,79
85099f,JUMBO BAG STRAWBERRY,232.05999999999997,46
23447,PINK BUNNY EASTER EGG BASKET,231.89999999999998,158
84712B,PINK JEWELLED PHOTO FRAME,231.56,30
21161,KEEP OUT BOYS DOOR HANGER ,231.36999999999998,144
20696,FLORAL SOFT CAR TOY,230.81,54
84857C,PINK MONTE CARLO HANDBAG,230.38,97
23446,BLUE BUNNY EASTER EGG BASKET,230.24999999999997,157
90206C,CRYSTAL DIAMANTE STAR BROOCH,229.68,46
72800D,4 BLUE DINNER CANDLES SILVER FLOCK,229.22,88
21973,SET OF 36 MUSHROOM PAPER DOILIES,229.1,158
85200,BUNNY EGG BOX,228.75,183
90010E,AMBER GLASS/SILVER BRACELET,227.89,25
21157,RED RETROSPOT WASHBAG,227.6,79
23003,TRAVEL CARD WALLET VINTAGE ROSE ,226.2,542
90201D,GREEN ENAMEL FLOWER RING,225.84,77
47469,ASSORTED SHAPES PHOTO CLIP SILVER ,225.60999999999999,449
84422,PINK/BLUE DISC/MIRROR STRING,225.45,518
85014a,BLACK/BLUE POLKADOT UMBRELLA,225.32000000000002,18
90158,ST TROPEZ NECKLACE,224.12,45
23149,ANTIQUE IVORY WIRE BOWL SMALL,224.06,88
21657,MILK BOTTLE WITH GLASS STOPPER ,223.46,30
84218,BOX/12 CHICK & EGG IN BASKET,223.10999999999999,123
85040B,SET/4 BLUE FLOWER CANDLES IN BOWL,222.86999999999998,133
84711A,SILVER OVAL SHAPE TRINKET BOX,221.79999999999998,25
84876D,BLUE HEART COMPACT MIRROR,221.25,129
21456,2 PICTURE BOOK EGGS EASTER CHICKS,220.97,170
22031,BOTANICAL LAVENDER BIRTHDAY CARD,220.55,492
22395,PAPERWEIGHT VINTAGE PAISLEY,220.04,152
85019C,CURIOUS  IMAGES NOTEBOOK SET,219.72,170
35914,PINK CHICK EGG WARMER + EGG CUP,219.66,196
20868,SILVER FABRIC MIRROR,219.35000000000002,458
90058B,CRYSTAL STUD EARRINGS ASSORTED COL ,218.88,576
75178,ASSTD COL BUTTERFLY/CRYSTAL W/CHIME,218.87,459
21378,SMALL TALL CAMPHOR WOOD TOADSTOOL,217.89,142
90014A,SILVER/MOP ORBIT NECKLACE,217.59,27
20847,ZINC HEART LATTICE CHARGER LARGE,217.57999999999998,52
20769,DAISY JOURNAL ,217.55999999999997,80
21132,SILVER STANDING GNOME   ,217.35999999999999,44
90160A,PURPLE BOUDICCA LARGE BRACELET,216.29000000000002,31
21364,PEACE SMALL WOOD LETTERS,216.21,29
20781,GOLD EAR MUFF HEADPHONES,216.16,37
84051,ASS COLOUR GLOWING TIARAS,216.06,282
21377,SMALL CAMPHOR WOOD FIELD  MUSHROOM,215.67999999999998,121
22394,PAPERWEIGHT KINGS CHOICE ,215.38,162
90120C,GREEN MURANO TWIST BRACELET,215.20000000000002,51
21316,SMALL CHUNKY GLASS ROMAN  BOWL,214.73000000000002,159
84559B,3D SHEET OF CAT STICKERS,213.89,233
84510C,SET OF 4 POLKADOT COASTERS,213.82999999999998,134
21520,BOOZE & WOMEN GREETING CARD ,213.35,502
22882,NUMBER TILE VINTAGE FONT 3,211.75,107
90200C,BLUE SWEETHEART BRACELET,211.43,50
72127,COLUMBIAN CANDLE ROUND ,210.61,169
84877B,GREEN ROUND COMPACT MIRROR,210.56,144
84707B,PINK JEWELLED MIRROR TRINKET TRAY,210.54999999999998,34
84926A,WAKE UP COCKEREL TILE COASTER,210.51999999999998,604
90175D,TIGRIS EYE CHUNKY CHARM BRACELET,210.04,23
90160B,RED BOUDICCA LARGE BRACELET,209.73000000000002,30
21750,LARGE SKULL WINDMILL,209.61,91
21651,HANGING GLASS ETCHED TEALIGHT,208.46999999999997,133
90119,METALIC LEAVES BAG CHARMS,207.60999999999999,84
16048,TEATIME ROUND PENCIL SHARPENER ,205.42,1461
20763,DAISY SKETCHBOOK ,205.04,73
21726,MULTI HEARTS  STICKERS,204.69,237
84875B,GREEN SQUARE COMPACT MIRROR,203.51,131
85230A,OPIUM SCENTED VOTIVE CANDLE,203.27999999999997,840
47578A,ENGLISH ROSE SMALL SCENTED FLOWER,202.53,219
22541,MINI JIGSAW LEAP FROG,202.37,504
22878,NUMBER TILE COTTAGE GARDEN No,202.09,74
85179C,PINK BITTY LIGHT CHAIN,201.31,106
22880,NUMBER TILE VINTAGE FONT 1,200.59,99
44235,ASS COL CIRCLE MOBILE ,200.45999999999998,539
84968e,SET OF 16 VINTAGE BLACK CUTLERY,200.21,8
16156L,"WRAP, CAROUSEL",199.5,475
22038,BOTANICAL LAVENDER GIFT WRAP ,199.5,475
21367,MIRRORED WALL ART GENTS,199.48999999999998,171
90192,JADE DROP EARRINGS W FILIGREE,199.20000000000002,40
22289,HANGING METAL CHICKEN DECORATION,198.52,152
21376,LARGE  TALL CAMPHOR WOOD TOADSTOOL ,197.81,37
22881,NUMBER TILE VINTAGE FONT 2,197.56,102
90019A,SILVER M.O.P ORBIT BRACELET,197.09,38
22044,CHRISTMAS CARD STACK OF PRESENTS,196.44,816
71143,SILVER BOOK MARK WITH BEADS,196.35999999999999,178
20617,FIRST CLASS PASSPORT COVER ,194.94,93
23697,A PRETTY THANK YOU CARD,194.58,456
22884,NUMBER TILE VINTAGE FONT 5,194.04999999999998,99
20654,FIRST CLASS LUGGAGE TAG ,193.59,152
21275,ZINC TOP  2 DOOR WOODEN SHELF ,193.33,8
90082A,DIAMANTE BOW BROOCH GREEN COLOUR,193.2,30
84910A,PINK PAISLEY CUSHION COVER ,192.14,26
47471,RAINBOW PEGS PHOTO CLIP STRING,191.18,292
90030B,RED KUKUI COCONUT SEED NECKLACE,190.73000000000002,122
90201A,PURPLE ENAMEL FLOWER RING,190.71,65
90184C,BLACK CHUNKY BEAD BRACELET W STRAP,190.51999999999998,21
21027,NINJA RABBIT PINK,190.29,169
21418,STARFISH SOAP DISH,189.75,74
21196,ROUND WHITE CONFETTI IN TUBE,189.67999999999998,108
22883,NUMBER TILE VINTAGE FONT 4,189.53,99
21807,WHITE CHRISTMAS STAR DECORATION,189.42,439
90018A,SILVER M.O.P ORBIT DROP EARRINGS,189.08,45
85020,ROUND PINK HEART MIRROR,188.81,85
84804B,BLUE DELPHINIUM ARTIFICIAL FLOWER,188.37000000000003,99
84926F,PSYCHEDELIC TILE COASTER,188.26,406
20694,FLORAL PINK MONSTER,187.54,43
84711B,PINK OVAL SHAPE TRINKET BOX,186.64,20
84535A,ENGLISH ROSE NOTEBOOK A6 SIZE,186.56,399
21306,SET/4 DAISY MIRROR MAGNETS,185.70999999999998,476
21402,RED  EGG  SPOON,185.51999999999998,1369
84429A,MEDIUM PINK BUDDHA HEAD ,185.45000000000002,55
72801d,4 SKY BLUE DINNER CANDLES,184.7,75
23416,CHAMBRE HOOK,184.67999999999998,132
90016B,GOLD/M.O.P PENDANT ORBIT NECKLACE,184.66,22
85055,FRENCH ENAMEL UTENSIL HOLDER,183.71,45
84509E,SET OF 4 CAROUSEL PLACEMATS ,183.45,91
21911,GARDEN METAL SIGN ,183.40999999999997,102
47594A,CAROUSEL DESIGN WASHBAG,182.29,99
22032,BOTANICAL LILY GREETING CARD,181.98,427
21826,EIGHT PIECE DINOSAUR SET,181.43,122
21311,SET/4 BIRD MIRROR MAGNETS ,181.04,458
84927F,PSYCHEDELIC TILE HOOK,181.0,294
84907,PINK YELLOW PATCH CUSHION COVER,180.93,29
85215,ASSORTED CHEESE FRIDGE MAGNETS,180.71,223
72801C,4 ROSE PINK DINNER CANDLES,180.65,145
84804A,CREAM DELPHINIUM ARTIFICIAL FLOWER,180.58,70
84859C,PINK DISCO HANDBAG,180.51999999999998,84
22157,ANGEL DECORATION WITH LACE PADDED,180.2,212
21721,CANDY SHOP  STICKER SHEET,179.45999999999998,195
40003,WHITE BAMBOO RIBS LAMPSHADE,179.23,155
21847,GREEN  DIAMANTE PEN IN GIFT BOX,178.89,76
85131C,BEADED CRYSTAL HEART BLUE ON STICK,178.85,193
16258A,SWIRLY CIRCULAR RUBBERS IN BAG,178.54999999999998,471
79190A,RETRO PLASTIC 70'S TRAY,178.1,381
22872,NUMBER TILE COTTAGE GARDEN 4,177.46,72
gift_0001_30,Dotcomgiftshop Gift Voucher £30.00,175.53,7
90197B,BLACK GLASS BRACELET W HEART CHARMS,174.73000000000002,35
84691,PACK 20 DOLLY PEGS,174.5,242
21319,GLASS CHALICE GREEN  SMALL ,174.13,160
84685,BEACH HUT KEY CABINET,173.58,33
85211,S/4 GROOVY CAT MAGNETS,173.57999999999998,147
84905,PINK BUTTERFLY CUSHION COVER ,173.48,35
16168M,FUNKY MONKEY GIFT BAG MEDIUM,173.12,371
21190,PINK HEARTS PAPER GARLAND,172.7,118
47481,50CM METAL STRING WITH  7 CLIPS,172.64,226
21030,SPACE CADET RED,172.2,141
82011C,BATHROOM SCALES FOOTPRINTS IN SAND,172.05,51
84963A,PINK PAINTED KASHMIRI CHAIR,171.8,4
62086A,PINK RETRO BIG FLOWER BAG,171.6,88
90082B,DIAMANTE BOW BROOCH RED COLOUR,171.45,27
85045,GREEN CHRISTMAS TREE STRING 20LIGHT,171.3,38
85146,JARDIN ETCHED GLASS SMALL BELL JAR,171.11,45
22885,NUMBER TILE VINTAGE FONT 6 ,170.82999999999998,95
21763,VINTAGE WOODEN BAR STOOL,169.75,6
84800M,MEDIUM WHITE/PINK ROSE ART FLOWER,169.24,124
85129B,BEADED CRYSTAL HEART GREEN SMALL,168.59,119
22042,CHRISTMAS CARD SINGING ANGEL,168.33,399
21333,CLASSIC WHITE FRAME,168.16000000000003,56
90145,SILVER HOOP EARRINGS WITH FLOWER,168.0,28
84661A,WHITE SQUARE TABLE CLOCK,167.79,104
90201C,RED ENAMEL FLOWER RING,167.72000000000003,57
85145,JARDIN ETCHED GLASS LARGE BELL JAR,167.70000000000002,38
gift_0001_50,Dotcomgiftshop Gift Voucher £50.00,167.56,4
78033,FLAG OF ST GEORGE CHAIR,167.45000000000002,35
90010A,MIDNIGHT BLUE GLASS/SILVER BRACELET,167.3,18
gift_0001_20,Dotcomgiftshop Gift Voucher £20.00,167.05,10
21457,2 PICTURE BOOK EGGS EASTER DUCKS,165.89,124
21280,VINTAGE KITCHEN PRINT VEGETABLES,165.75,65
21331,MOROCCAN BEATEN METAL DISH LARGE,165.74,12
72225C,LAVENDER SCENT CAKE CANDLE,165.6,624
90013A,MIDNIGHT BLUE VINTAGE EARRINGS,165.32,44
23694,PAISLEY PARK CARD,165.07999999999998,376
22538,MINI JIGSAW GO TO THE FAIR,164.84,403
22263,FELT EGG COSY LADYBIRD ,164.48,278
21698,MOCK LOBSTER FRIDGE MAGNET,164.17,296
90120B,BLUE MURANO TWIST BRACELET,164.12,39
90191,SILVER LARIAT 40CM,163.82,26
22408,MONEY BOX CONFECTIONERY DESIGN,163.69,146
22871,NUMBER TILE COTTAGE GARDEN 3 ,163.35,67
35810B,ENAMEL BLUE RIM COFFEE CONTAINER,163.29999999999998,139
16207A,PINK STRAWBERRY HANDBAG ,163.1,60
21100,CHARLIE AND LOLA CHARLOTTE BAG,162.20999999999998,65
84683,CLASSICAL ROSE CANDLESTAND,162.20000000000002,194
85114a,BLACK ENCHANTED FOREST PLACEMAT,161.70000000000002,49
21369,MIRRORED WALL ART SPLODGES,161.49,101
23305,SET 4 PICNIC CUTLERY BLUEBERRY,159.9,82
84993A,75 GREEN PETIT FOUR CASES,159.69,343
90014B,GOLD M PEARL  ORBIT NECKLACE,158.73999999999998,17
84247G,"DECOUPAGE,GREETING CARD,",158.63,357
90013C,GREEN VINTAGE EARRINGS ,158.08,39
17038,PORCELAIN BUDAH INCENSE HOLDER,158.06,1525
84507C,BLUE CIRCLES DESIGN MONKEY DOLL,157.88,59
90134,OLD ROSE COMBO BEAD NECKLACE,157.5,54
23417,BATHROOM HOOK,157.5,146
84508C,BLUE CIRCLES DESIGN TEDDY,157.5,57
84882,GREEN WIRE STANDING CANDLE HOLDER,157.34,38
35649,VINTAGE BEAD COSMETIC BAG ,156.85,57
23468,TUSCAN VILLA BIRD TABLE ,156.75,19
84673B,BLUE FLY SWAT,156.63,179
22353,LUNCH BOX WITH CUTLERY FAIRY CAKES ,155.54999999999998,61
44234,ASSORTED CIRCULAR MOBILE,155.4,696
23496,PANTRY KITCHEN THERMOMETER ,154.52,112
84827,ASS DES PHONE SPONGE CRAFT STICKER,154.39,511
21614,SET OF 12 ROSE BOTANICAL T-LIGHTS,153.29000000000002,51
21145,ANTIQUE GLASS PLACE SETTING,152.5,122
90198B,VINTAGE ROSE BEAD BRACELET BLACK,152.4,36
84877D,BLUE ROUND COMPACT MIRROR,152.18,97
84865,NEW BAROQUE BLACK PHOTO ALBUM,152.11,29
72128,COLUMBIAN CANDLE ROUND,152.04999999999998,193
84595E,LARGE TORTILLA DESIGN RED BOWL,151.39,77
90209A,PURPLE ENAMEL+GLASS HAIR COMB,151.20000000000002,78
21401,BLUE PUDDING SPOON,151.19,1052
22415,WHITE TISSUE REAM,151.05,19
85135A,YELLOW DRAGONFLY HELICOPTER,151.05,19
22874,NUMBER TILE COTTAGE GARDEN 6,150.81,65
85027L,FRENCH CHATEAU LARGE PLATTER ,150.75,65
DCGSSBOY,BOYS PARTY BAG,150.54999999999998,47
21738,COSY SLIPPER SHOES SMALL  RED ,150.48000000000002,48
84963B,BLUE PAINTED KASHMIRI CHAIR,149.85000000000002,3
22764,"RUSTIC WOODEN CABINET, GLASS DOORS",149.82,4
90013B,BLACK VINTAGE EARRINGS,149.41000000000003,36
46000R,POLYESTER FILLER PAD 45x30cm,149.35,103
21117,BLOND DOLL DOORSTOP,149.25,115
22875,NUMBER TILE COTTAGE GARDEN 7,149.09,63
90185D,CRYSTAL DIAMANTE EXPANDABLE RING,148.63,35
84576,BLUE CAT BISCUIT BARREL PINK HEART,148.32,66
21486,PINK HEART DOTS HOT WATER BOTTLE,147.88,36
84688,BEACH HUT DESIGN BLACKBOARD,147.82,28
37479P,CUBIC MUG FLOCK PINK ON BROWN,146.91,175
82011B,BATHROOM SCALES RUBBER DUCKS,146.85,43
22868,NUMBER TILE COTTAGE GARDEN 0 ,146.6,64
22886,NUMBER TILE VINTAGE FONT 7,146.43,87
84870C,GREEN GEISHA GIRL ,146.05,46
90116,FRUIT SALAD BAG CHARM,145.52,64
22873,NUMBER TILE COTTAGE GARDEN 5,145.5,60
47343A,FUSCHIA FLOWER PURSE WITH BEADS,145.17,159
84629,WHITE 3 FRAME BIRDS AND TREE ,145.05,19
DCGSSGIRL,GIRLS PARTY BAG,144.43,47
20757,RED DAISY POCKET BOOK ,144.29,167
21368,MIRRORED WALL ART LADIES,144.03,164
84192,ASSORTED COLOUR METAL CAT ,143.75,115
21082,SET/20 FRUIT SALAD PAPER NAPKINS ,143.44,88
20837,FRENCH FLORAL CUSHION COVER ,142.47,141
84870B,BLUE GEISHA GIRL ,142.32999999999998,43
22033,BOTANICAL ROSE GREETING CARD,141.95,337
20774,GREEN FERN NOTEBOOK,141.23999999999998,86
22769,CHALKBOARD KITCHEN ORGANISER,141.23000000000002,1
20661,BLUE POLKADOT PURSE ,141.15,44
84796a,PINK HAWAIIAN PICNIC HAMPER FOR 2,141.10999999999999,17
90164B,WHITE  ROSEBUD PEARL BRACELET,140.98,38
84744,S/6 SEW ON CROCHET FLOWERS,140.02,110
22125,UNION JACK HOT WATER BOTTLE ,139.86,13
23463,VINTAGE ZINC WATERING CAN,139.39999999999998,13
22876,NUMBER TILE COTTAGE GARDEN 8,138.81,61
75011,BLUE DAISY MOBILE,138.76,172
35922,EASTER BUNNY WREATH,138.6,28
23304,SET 4 PICNIC CUTLERY CHERRY ,138.45,71
20758,ABSTRACT CIRCLES POCKET BOOK,137.7,162
90181B,AMETHYST GLASS/SHELL/PEARL NECKLACE,137.63,15
21637,ASSORTED SANSKRIT MINI NOTEBOOK,136.25,109
22877,NUMBER TILE COTTAGE GARDEN 9,136.16,62
21736,GOLD SCROLL GLASS T-LIGHT HOLDER,136.05,77
84660c,PINK STITCHED WALL CLOCK,134.92,18
85071A,BLUE CHARLIE+LOLA PERSONAL DOORSIGN,134.83,889
21459,YELLOW EASTER EGG HUNT START POST,134.78,68
90073,VINTAGE ENAMEL & CRYSTAL EARRINGS,134.70000000000002,27
90115,SUMMER BUTTERFLIES BAG CHARM,134.53,54
21943,CAKES AND RABBITS DESIGN FLANNEL ,134.48999999999998,119
90028,NEW BAROQUE LARGE NECKLACE BLK/WHIT,134.16,16
46000U,POLYESTER FILLER PAD 30CMx30CM,133.75,107
72130,COLUMBIAN CANDLE ROUND,133.34,219
20823,GOLD WINE GOBLET,132.72,168
62096A,PINK/YELLOW FLOWERS HANDBAG,132.5,106
21518,BANK ACCOUNT  GREETING  CARD ,132.44,318
90210D,PURPLE ACRYLIC FACETED BANGLE,132.05,107
35921,EASTER BUNNY HANGING GARLAND,131.98,67
85039a,SET/4 RED MINI ROSE CANDLE IN BOWL,131.81,40
20836,FRENCH PAISLEY CUSHION COVER,131.14,158
90164A,PINK ROSEBUD PEARL BRACELET,130.67,27
90210C,RED   ACRYLIC FACETED BANGLE,130.51000000000002,99
84510a,SET OF 4 ENGLISH ROSE COASTERS,130.48,53
37467,PIG MUG IN TWO COLOUR DESIGNS,130.26999999999998,159
21344,MOROCCAN BEATEN METAL DISH,130.24,12
84508B,STRIPES DESIGN TEDDY,130.04999999999998,51
90000D,COPPER/OLIVE GREEN FLOWER NECKLACE,129.85,21
21281,VINTAGE KITCHEN PRINT SEAFOOD,129.63,43
47590b,PINK HAPPY BIRTHDAY BUNTING,129.48,12
72799C,PINK PILLAR CANDLE SILVER FLOCK,129.47,81
21400,RED PUDDING SPOON,128.63,881
21349,IVY HEART WREATH,128.6,14
20826,SILVER APERITIF GLASS,128.4,276
35638B,PINK/BLUE STRING CURTAIN ,128.32999999999998,57
85118,HEART T-LIGHT HOLDER,128.27,133
84846A,SCENTED CANDLE IN DIGITALIS TIN,128.14000000000001,57
79191B,RETRO PLASTIC POLKA TRAY,128.1,147
16054,POPART RECT PENCIL SHARPENER ASST,127.56,1058
90180A,BLACK+WHITE NECKLACE W TASSEL,127.24,17
85130A,BEADED PEARL HEART WHITE LARGE,127.04999999999998,77
79190D,RETRO PLASTIC DAISY TRAY,126.97999999999999,265
22887,NUMBER TILE VINTAGE FONT 8,126.78,78
23303,SET 4 PICNIC CUTLERY FONDANT,126.75,65
85067,CREAM SWEETHEART WALL CABINET,126.64999999999999,7
23578,SNACK TRAY RED GINGHAM,125.72,60
84968a,SET OF 16 VINTAGE ROSE CUTLERY,125.32999999999998,5
84799,SPRIG LAVENDER ARTIFICIAL FLOWER,125.32,164
84800S,SMALL WHITE/PINK ROSE ART FLOWER,125.07000000000001,111
22888,NUMBER TILE VINTAGE FONT 9 ,124.97999999999999,76
84228,HEN HOUSE W CHICK STANDING,123.67,296
21420,OYSTER TRINKET BOX,123.66,54
23477,WOODLAND LARGE BLUE FELT HEART,123.47,92
37343,POLKADOT MUG PINK ,123.29999999999998,72
90195A,PURPLE GEMSTONE BRACELET,122.84,19
85086A,CANDY SPOT HEART DECORATION,122.08,146
90129B,TURQUOISE GLASS TASSLE BAG CHARM ,121.38000000000001,57
84906,PINK B'FLY C/COVER W BOBBLES,121.07,34
37333,"RETRO ""TEA FOR ONE"" ",120.99,21
20845,ZINC HEART LATTICE 2 WALL PLANTER,120.64999999999999,19
90170,DAISY HAIR BAND,120.52999999999999,73
90173,PAIR BUTTERFLY HAIR CLIPS,120.34,32
23467,VINTAGE ZINC PLANTER  ,120.08000000000001,32
35972,DAISY FOLKART HEART DECORATION,120.0,96
90161A,ANT COPPER RED BOUDICCA BRACELET,119.91000000000001,24
90124B,BLUE MURANO TWIST NECKLACE,119.89,12
84569B,PACK 3 FIRE ENGINE/CAR PATCHES,119.65,86
90122C,TURQUOISE CRYSTAL+GLASS BRACELET,119.23,24
10080,GROOVY CACTUS INFLATABLE,119.08999999999999,303
21032,SPACE CADET WHITE,119.03,98
84709B,PINK OVAL JEWELLED MIRROR,119.0,20
85114b,IVORY ENCHANTED FOREST PLACEMAT,118.86000000000001,36
21095,SET/6 POSIES PAPER PLATES,118.72999999999999,125
84507B,STRIPES DESIGN MONKEY DOLL,118.72999999999999,39
90184A,AMBER CHUNKY BEAD BRACELET W STRAP,117.73,13
21814,HEART T-LIGHT HOLDER ,117.57,78
90208,PAIR OF PINK FLOWER CLUSTER SLIDE,117.4,47
84741C,CITRUS GARLAND FELT FLOWERS ,117.0,60
23151,ZINC SWEETHEART SOAP DISH,116.82000000000001,62
72780,BLACK SILOUETTE CANDLE PLATE,116.44999999999999,137
23185,FRENCH STYLE STORAGE JAR JAM,116.3,322
72812,LARGE ZINC GLASS CANDLEHOLDER,116.06,34
51020A,SUMMER FUN DESIGN SHOWER CAP,115.74999999999999,323
16052,TEATIME PUSH DOWN RUBBER,115.3,479
90130B,TURQ STONE/CRYSTAL EARRINGS,113.97,39
90199C,5 STRAND GLASS NECKLACE CRYSTAL,113.94,18
47518F,ICON PLACEMAT POP ART ELVIS,113.64,827
84457,SET/3 RABBITS FLOWER SKIPPPING ROPE,113.41,127
72801D,4 SKY BLUE DINNER CANDLES,113.21,75
47503H,ASS FLORAL PRINT SPIRIT LEVEL ,112.81,101
84925F,PSYCHEDELIC WALL THERMOMETER,112.47999999999999,80
90096,NECKLACE+BRACELET SET BLUE BLOSSOM,112.21,45
47351B,BLUE  VOILE LAMPSHADE,112.10000000000002,38
21678,PAISLEY PATTERN  STICKERS,111.86,125
90214A,"LETTER ""A"" BLING KEY RING",111.66,130
84809A,WHITE CHRYSANTHEMUMS ART FLOWER,111.30000000000001,53
90036E,"FLOWER GLASS GARLD NECKL36""AMETHYST",110.95,14
90125D,PURPLE BERTIE GLASS BEAD BAG CHARM,110.03,95
20731,POSY CANDY BAG,109.96,92
85167B,BLACK GRAND BAROQUE PHOTO FRAME,109.94,50
21278,VINTAGE KITCHEN PRINT PUDDINGS,109.64999999999999,43
90124C,GREEN MURANO TWIST NECKLACE,109.53999999999999,11
90122A,PINK CRYSTAL+GLASS BRACELET,109.48,22
90058A,CRYSTAL STUD EARRINGS CLEAR DISPLAY,109.44,288
85096,HILDA CANDY SPOT RABBIT,109.23,25
20894,HANGING BAUBLE T-LIGHT HOLDER LARGE,108.71000000000001,33
21372,MIRRORED WALL ART TABLE LAMP,107.75,75
35916C,PINK FELT HANGING HEART W FLOWER,107.72,106
17090A,LAVENDER INCENSE 40 CONES IN TIN,107.44999999999999,109
85129C,BEADED CRYSTAL HEART BLUE SMALL,107.31,80
21904,HOUSE WRECKING METAL SIGN ,107.10000000000001,51
23626,SET 10 CARDS DINKY TREE 17076,107.07000000000001,43
35818P,"ACRYLIC JEWEL ICICLE, PINK",106.97,266
35819B,"ACRYLIC HANGING JEWEL,BLUE",106.81,270
90125A,PINK BERTIE GLASS BEAD BAG CHARM,106.24,115
20657,TROPICAL LUGGAGE TAG,105.91,73
90016A,SILVER/M.O.P PENDANT ORBIT NECKLACE,105.71000000000001,17
90185A,AMBER DIAMANTE EXPANDABLE RING,105.53,25
85040a,S/4 PINK FLOWER CANDLES IN BOWL,105.28,32
90003C,MIDNIGHT BLUE PAIR HEART HAIR SLIDE,104.84,28
84661C,PINK SQUARE TABLE CLOCK,104.84,71
35920,FOUR RABBIT EASTER DECORATIONS,104.84,72
90070,RUBY GLASS CLUSTER BRACELET,104.79,17
17084P,DRAGONS BLOOD INCENSE,104.44,423
20796,SMALL BLUE PROVENCAL CERAMIC BALL,103.93999999999998,62
79144B,PAINTED LIGHTBULB STAR+ MOON,103.64999999999999,181
85232B,SET OF 3 BABUSHKA STACKING TINS,103.19999999999999,20
90032,IVORY SHELL HEART NECKLACE,103.13,21
22879,NUMBER TILE VINTAGE FONT 0,102.46,70
90196A,PURPLE GEMSTONE NECKLACE 45CM,102.0,8
90063A,WHITE VINT ART DECO CRYSTAL NECKLAC,102.0,12
20701,PINK CAT FLORAL CUSHION COVER ,100.97,25
35637C,PINK STRING CURTAIN WITH POLE,100.86,30
16033,MINI HIGHLIGHTER PENS,100.79999999999998,840
35911B,PINK/FLOWER RABBIT EGG WARMER ,100.76,119
gift_0001_40,Dotcomgiftshop Gift Voucher £40.00,100.69999999999999,3
21370,MIRRORED WALL ART FOXY,100.66000000000001,16
22407,MONEY BOX FIRST ADE DESIGN,100.53,95
20795,LARGE BLUE PROVENCAL CERAMIC BALL,100.45,43
90010B,BLACK/WHITE GLASS/SILVER BRACELET,100.08999999999999,11
23611,SET 10 CARDS RED RIDING HOOD 17214,99.60000000000001,40
90081C,LILY BROOCH OLIVE COLOUR,99.60000000000001,20
90183A,AMBER DROP EARRINGS W LONG BEADS,99.54,34
17091A,LAVENDER INCENSE IN TIN,99.29,172
23464,VINTAGE ZINC WATERING CAN SMALL,99.2,18
84510c,SET OF 4 POLKADOT COASTERS,98.7,40
84898F,YELLOW FLOWERS FELT HANDBAG KIT,98.63000000000001,46
79144C,PAINTED LIGHTBULB RAINBOW DESIGN,98.53999999999999,153
84723,CHERRY BLOSSOM CANVAS ART PICTURE,97.95,41
90003D,CRYSTAL PAIR HEART HAIR SLIDES,97.26,26
47369B,BLUE GREEN EMBROIDERY COSMETIC BAG,97.13,35
84806A,PINK CANDYSTUFT ARTIFICIAL FLOWER,96.88999999999999,137
84801A,PINK HYDRANGEA ART FLOWER,96.60000000000001,46
90019B,GOLD M.O.P ORBIT BRACELET,96.52000000000001,18
72801c,4 ROSE PINK DINNER CANDLES,95.94,39
90036D,"FLOWER GLASS GARLAND NECKL.36""BLACK",95.35000000000001,12
90146,FINE SILVER NECKLACE W PASTEL FLOWE,95.35000000000001,17
90178A,AMBER CHUNKY GLASS+BEAD NECKLACE,95.25,8
20653,CHERRY BLOSSOM LUGGAGE TAG,95.17999999999999,73
84527,FLAMES SUNGLASSES PINK LENSES,95.1,52
84666,SQUARE CHERRY BLOSSOM CABINET,94.80000000000001,24
21722,SWEET PUDDING STICKER SHEET,94.67999999999999,97
22039,BOTANICAL LILY GIFT WRAP,94.5,225
90133,TEAL/FUSCHIA COL BEAD NECKLACE,94.43,19
82613A,"METAL SIGN,CUPCAKE SINGLE HOOK",93.63,72
47369A,PINK GREEN EMBROIDERY COSMETIC BAG,93.19,33
20773,BLUE PAISLEY NOTEBOOK,92.39999999999999,56
90018B,GOLD M.O.P ORBIT DROP EARRINGS,92.28,22
35933,PINK STOCKING CHRISTMAS DECORATION,92.21000000000001,226
85132a,CHARLIE + LOLA BISCUITS TINS,92.19999999999999,8
82615,PINK MARSHMALLOW SCARF KNITTING KIT,91.8,36
90030C,BROWN KUKUI COCONUT SEED NECKLACE,91.7,77
90175B,PINK GLASS CHUNKY CHARM BRACELET,91.68,10
20662,FIRST CLASS HOLIDAY PURSE ,90.42,31
85230F,JASMINE VOTIVE CANDLE,90.33999999999999,338
90163A,PINK ROSEBUD & PEARL NECKLACE,90.32,12
23574,PACKING CHARGE,90.0,12
21690,SILVER  CANDLEPOT JARDIN ,90.0,24
72051S,BAG OF SILVER STONES,89.94999999999999,131
35833P,4 PINK FLOCK CHRISTMAS BALLS,89.72,50
84461,12 PINK HEN+CHICKS IN BASKET,89.25,35
20892,SET/3 TALL GLASS CANDLE HOLDER PINK,89.22,4
90123A,PINK HEART OF GLASS BRACELET,89.12,15
90148,LONG SILVER NECKLACE PASTEL FLOWER,88.98,7
84984A,GREEN PEONY CUSHION COVER,88.35000000000001,19
84306,S/3 PINK SQUARE PLANTERS ROSES,88.22,10
90166,PINK & WHITE ROSEBUD RING,88.04,21
90129F,RED GLASS TASSLE BAG CHARM,88.03,40
20898,VINTAGE NOTEBOOK TRAVELOGUE,88.03,32
84531B,BLUE KNITTED EGG COSY,87.56,156
84989a,75 GREEN FAIRY CAKE CASES,87.51,42
23442,12 HANGING EGGS HAND PAINTED,87.36,42
20869,GOLD FABRIC MIRROR,86.76,180
23614,SET 10 CARDS 12 DAYS WRAP  17058,86.58000000000001,26
79403,FROSTED WHITE BASE ,85.52,95
75172,PAINTED SEA SHELL METAL WINDCHIME,85.31,93
16169K,WRAP FOLK ART,84.0,200
90204,PAIR OF ENAMEL BUTTERFLY HAIRCLIP,83.46000000000001,25
90072,RUBY DROP CHANDELIER EARRINGS,83.42,21
22016,Dotcomgiftshop Gift Voucher £100.00,83.33,1
90123C,GREEN HEART OF GLASS BRACELET,83.29,14
90129A,PINK GLASS TASSLE BAG CHARM ,82.97999999999999,45
90101,WHITE FRANGIPANI NECKLACE,82.77,33
35638A,PINK AND BLACK STRING CURTAIN,82.1,38
35968,FOLK ART METAL HEART T-LIGHT HOLDER,82.1,163
16049,TEATIME GEL PENS ASST,82.08,504
21226,POCKET MIRROR WOODLAND,81.8,94
20664,TROPICAL HOLIDAY PURSE ,81.66,32
85023B,EAU DE NILE JEWELLED PHOTOFRAME,81.6,32
20941,FROG CANDLE,81.28,62
71496A,A4 WALL TIDY BLUE OFFICE,80.96000000000001,127
21038,SET/4 MODERN VINTAGE COTTON NAPKINS,80.85000000000001,75
90175C,BLUE GLASS CHUNKY CHARM BRACELET,80.55,9
84249A,"GREETING CARD,SQUARE, DOUGHNUTS",80.46,174
90129C,GREEN GLASS TASSLE BAG CHARM,79.76,35
90124A,PINK MURANO TWIST NECKLACE,79.66,8
84984B,RED PEONY CUSHION COVER ,79.05000000000001,17
72811,SMALL ZINC/GLASS CANDLEHOLDER,78.92999999999999,53
20901,VINTAGE KEEPSAKE BOX PINK FLOWER,78.78,18
84847,FLORAL BATHROOM SET,78.75,21
90039D,FIRE POLISHED GLASS BRACELET GREEN,78.69,21
37479B,CUBIC MUG FLOCK BLUE ON BROWN,78.09,131
90000A,RASPBERRY ANT COPPER FLOWER NECKLAC,77.91,13
90086,CRYSTAL FROG PHONE CHARM,77.78999999999999,102
90129E,PURPLE GLASS TASSLE BAG CHARM,77.03999999999999,42
90162B,ANT SILVER LIME GREEN BOUDICCA RING,76.7,26
84531A,PINK KNITTED EGG COSY,76.69,147
35916B,BLUE FELT HANGING HEART W FLOWER,76.68,91
46000P,POLYESTER FILLER PAD 65CMx65CM,76.5,18
90099,NECKLACE+BRACELET SET BLUE HIBISCUS,76.38,27
90063B,BLACK VINT ART DEC CRYSTAL NECKLACE,76.32,9
84881,BLUE WIRE SPIRAL CANDLE HOLDER,76.22,11
16207B,PINK HEART RED HANDBAG,76.14,29
84927E,FLOWERS TILE HOOK,75.96000000000001,57
21946,PARTY TIME DESIGN FLANNEL,75.35,86
90022,EDWARDIAN DROP EARRINGS JET BLACK,75.2,20
21413,PERIWINKLE T-LIGHT HOLDER,75.02,48
gift_0001_10,Dotcomgiftshop Gift Voucher £10.00,74.97,9
84968d,SET OF 16 VINTAGE RED CUTLERY,74.88,3
84251G,"GREETING CARD, OVERCROWDED POOL.",74.7,270
17012E,ORIGAMI OPIUM INCENSE/CANDLE SET ,74.64,68
85132b,CHARLIE AND LOLA TABLE TINS,74.60999999999999,9
85198,ASSORTED FARMYARD ANIMALS IN BUCKET,74.58,90
21087,SET/6 POSIES PAPER CUPS,74.57000000000001,141
90081A,LILY BROOCH AMETHYST COLOUR,74.25,15
85197,SET OF 12 MINI BUNNIES IN A BUCKET,73.5,35
90214C,"LETTER ""C"" BLING KEY RING",72.77,91
90103,PURPLE FRANGIPANI NECKLACE,72.66,29
84231,EASTER BUNNY WITH BASKET ON BACK,72.63,108
20960,WATERMELON BATH SPONGE,72.49,29
72801G,4 BURGUNDY WINE DINNER CANDLES,72.46,57
90030A,SPOTTED WHITE NATURAL SEED NECKLACE,72.0,72
90108,BLUE BLOSSOM HAIR CLIP,71.46000000000001,60
90036C,"FLOWER GLASS GARLAND NECKL.36""BLUE",71.4,9
17014A,ORIGAMI VANILLA INCENSE CONES,71.19,155
90003E,GREEN PAIR HEART HAIR SLIDES,71.11,19
20933,YELLOW POT PLANT CANDLE,71.05,23
90214S,"LETTER ""S"" BLING KEY RING",71.0,94
90211A,DIAMOND LAS VEGAS NECKLACE 45CM,70.97,12
47589,CONGRATULATIONS BUNTING,70.85000000000001,13
51020B,STRIPY DESIGN SHOWER CAP,70.27999999999999,196
85026B,EAU DE NILE JEWELLED T-LIGHT HOLDER,70.27,79
90051,CRACKED GLAZE NECKLACE RED,70.16,10
84927A,WAKE UP COCKEREL TILE HOOK,70.06,49
16161G,WRAP BAD HAIR DAY,70.0,700
16020C,CLEAR STATIONERY BOX SET ,69.89999999999999,84
90125C,TURQUOISE BERTIE GLASS BEAD CHARM,69.85,77
46126A,ELVIS WALLHANGING / CURTAIN,69.84,52
81952V,ROUND PURPLE CLOCK WITH SUCKER,69.73,367
90199A,5 STRAND GLASS NECKLACE BLACK,69.63,11
84549,CROCHET WHITE RABBIT KEYRING ,69.38,38
20798,CLEAR MILKSHAKE GLASS,69.0,32
90019C,SILVER BLACK ORBIT BRACELET,68.73,13
85188B,PINK METAL SWINGING BUNNY,68.69999999999999,78
84251B,"GREETING CARD, STICKY GORDON",68.5,233
90151,SILVER/NATURAL SHELL NECKLACE,68.0,8
90194,SILVER LARIAT BLACK STONE EARRINGS,67.87,16
90000B,MIDNIGHT BLUE COPPER FLOWER NECKLAC,67.83,11
90155,RESIN NECKLACE W PASTEL BEADS,67.62,9
84874B,BLUE TRAVEL FIRST AID KIT,67.50999999999999,41
82011A,"BATHROOM SCALES, TROPICAL BEACH",67.5,18
85049B,LUSH GREENS RIBBONS,67.5,54
35916A,YELLOW FELT HANGING HEART W FLOWER,67.39,87
90144,SILVER DROP EARRINGS WITH FLOWER,67.36,18
37444A,YELLOW BREAKFAST CUP AND SAUCER,67.13000000000001,55
84859B,BLUE DISCO HANDBAG,66.75999999999999,32
90040B,MURANO STYLE GLASS BRACELET BLACK,66.7,18
35819P,"ACRYLIC HANGING JEWEL,PINK",66.55,95
84686,BEACH HUT MIRROR,66.39,49
17011F,ORIGAMI SANDLEWOOD INCENSE+FLOWER,66.36000000000001,81
72807a,SET/3 ROSE CANDLE IN JEWELLED BOX,66.32,8
20663,QUEEN OF THE SKIES HOLIDAY PURSE ,66.26,25
85008,SET OF 3 CONEY ISLAND OVAL BOXES,66.12,13
20835,FRENCH LATTICE CUSHION COVER ,65.8,67
20980,36 PENCILS TUBE POSY,65.66,70
21031,SPACE CADET BLACK,65.49,53
90214L,"LETTER ""L"" BLING KEY RING",65.03999999999999,94
84247N,PACK/12 BLUE FOLKART CARDS,64.9,22
90174,BUTTERFLY HAIR BAND,64.82,26
90059A,DIAMANTE HAIR GRIP PACK/2 CRYSTAL,64.63,39
90186B,CRYSTAL HOOP EARRING FLORAL LEAF,64.58,22
90082D,DIAMANTE BOW BROOCH BLACK COLOUR,64.38,10
90036F,"FLOWER GLASS GARLD NECKL36""TURQUOIS",64.08,8
90181A,AMBER GLASS/SHELL/PEARL NECKLACE,64.04,7
21692,SILVER LATTICE VANILLA CANDLE POT,63.75,17
84875D,BLUE SQUARE COMPACT MIRROR,63.75,51
84673A,PINK FLY SWAT,63.720000000000006,92
72133,COLUMBIAN CANDLE RECTANGLE,63.51,45
90196B,BLACK GEMSTONE NECKLACE 45CM,63.480000000000004,5
35815P,"ACRYLIC JEWEL SNOWFLAKE, PINK",63.28000000000001,162
62094B,TURQ ICE CREAM BUM BAG ,63.209999999999994,19
90141A,GREEN PENDANT TRIPLE SHELL NECKLACE,63.11,12
22145,CHRISTMAS CRAFT HEART STOCKING ,63.0,30
40046A,RED DAISY PAPER LAMPSHADE,62.5,50
84760S,SMALL HANGING GLASS+ZINC LANTERN,62.349999999999994,43
72351a,SET/6 TURQUOISE BUTTERFLY T-LIGHTS,62.269999999999996,15
84247L,FAWN AND MUSHROOM GREETING CARD,62.06,128
20848,ZINC HEART LATTICE CHARGER SMALL,61.95,21
90210B,CLEAR ACRYLIC FACETED BANGLE,61.56,41
90087,CRYSTAL SEA HORSE PHONE CHARM,61.459999999999994,107
85160B,BLACK BIRD GARDEN DESIGN MUG,61.459999999999994,104
16151A,FLOWERS HANDBAG blue and orange,61.25,49
90183B,AMETHYST DROP EARRINGS W LONG BEADS,61.08,21
71495B,CD WALL TIDY RED FLOWERS,61.05,163
90065A,WHITE VINTAGE CRYSTAL BRACELET,60.75,9
90214K,"LETTER ""K"" BLING KEY RING",60.699999999999996,78
84984D,ORIENTAL RED CUSHION COVER ,60.45,13
84805A,CREAM CLIMBING HYDRANGA ART FLOWER,60.0,32
90031,BILI NUT AND WOOD NECKLACE,59.89,50
90206A,GOLD DIAMANTE STAR BROOCH,59.800000000000004,12
23629,SET 10 CARDS DRESSING UP 17077,59.760000000000005,24
84452,METAL RABBIT LADDER EASTER ,59.5,70
84840,SWEETHEART CARRY-ALL BASKET,59.44,4
21910,WAY OUT METAL SIGN ,59.39999999999999,36
90118,PINK DAISY BAG CHARM,59.339999999999996,24
79071B,ENGLISH ROSE METAL WASTE BIN,59.0,20
90185B,AMETHYST DIAMANTE EXPANDABLE RING,58.77,14
90098,NECKLACE+BRACELET PINK BUTTERFLY,58.65,23
20760,GARDEN PATH POCKET BOOK,58.65,69
72134,COLUMBIAN  CUBE CANDLE ,58.62,105
90177C,DROP DIAMANTE EARRINGS CRYSTAL,58.53,20
90190C,SILVER/AMETHYST DROP EARRINGS LEAF,58.43,20
84877A,PINK ROUND COMPACT MIRROR,58.16,40
72802a,ROSE SCENT CANDLE IN JEWELLED BOX,58.029999999999994,7
71406C,BLACK ORANGE SQUEEZER,57.96,138
16046,TEATIME PEN CASE & PENS,57.8,68
90210A,GREY ACRYLIC FACETED BANGLE,57.55,34
84466,TOP SECRET PEN SET,57.5,46
84597C,RETRO PINK BALL ASHTRAY ,57.5,46
85006,SET 4 NURSERY DES ROUND BOXES,57.25,55
90214J,"LETTER ""J"" BLING KEY RING",57.21,71
21460,GREEN EASTER EGG HUNT START POST,56.779999999999994,28
90199B,5 STRAND GLASS NECKLACE AMETHYST,56.59,9
44236,PINK/PURPLE CIRCLE CURTAIN,56.52,52
47341B,BLUE TABLE RUN FLOWER,56.25,45
90038A,GLASS AND PAINTED BEADS BRACELET TO,56.15,15
90177D,DROP DIAMANTE EARRINGS PURPLE,55.83,19
84679,CLASSICAL ROSE TABLE LAMP,55.7,6
21777,RECIPE BOX WITH METAL HEART,55.65,7
90023,FILIGREE DIAMANTE EARRINGS,55.02,13
90071,RUBY GLASS CLUSTER EARRINGS,54.62,44
84750B,BLACK SMALL GLASS CAKE STAND,54.6,60
72132,COLUMBIAN CUBE CANDLE,54.599999999999994,28
21336,GOLD WASHBAG,54.57,27
90040C,MURANO STYLE GLASS BRACELET GOLD,54.42,15
20759,CHRYSANTHEMUM POCKET BOOK ,54.4,64
90040A,MURANO STYLE GLASS BRACELET RED,54.290000000000006,14
84251C,"GREETING CARD, TWO SISTERS.",53.88,127
90012A,MIDNIGHT BLUE DROP CRYSTAL NECKLACE,53.760000000000005,11
84985A,SET OF 72 GREEN PAPER DOILIES,53.65,37
90035A,"PEARL & SHELL 42""NECKL. GREEN",53.62,5
20851,ZINC HEART LATTICE TRAY OVAL ,53.550000000000004,9
20697,LITTLE GREEN MONSTER SOFT TOY,53.55,21
20756,GREEN FERN POCKET BOOK,53.55,63
47586A,PINK FAIRY CAKE CUSHION COVER,53.55,21
90123B,TURQUOISE HEART OF GLASS BRACELET,53.42,9
90214E,"LETTER ""E"" BLING KEY RING",53.199999999999996,72
90163B,WHITE ROSEBUD & PEARL NECKLACE,52.72,7
84842,HELLO SAILOR BATHROOM SET,52.5,14
84805B,BLUE CLIMBING HYDRANGA ART FLOWER,52.5,38
90138,WHITE/PINK MINI CRYSTALS NECKLACE,52.42,10
90141C,TURQ PENDANT TRIPLE SHELL NECKLACE,52.31,10
35265,COLOURFUL FLOWER FRUIT BOWL,52.2,17
85028S,FRENCH CHATEAU SMALL FRUITBOWL,51.599999999999994,24
90205A,LARGE MINT DIAMANTE HAIRSLIDE,51.51,31
84597B,RETRO BROWN BALL ASHTRAY ,51.25,41
20910,VINTAGE PHOTO ALBUM PARIS DAYS,50.8,8
84534B,FAIRY CAKE NOTEBOOK A5 SIZE,50.72,53
17007B,S/3 POT POURI CUSHIONS BLUE COLOURS,50.400000000000006,24
47348A,FUSCHIA VOILE POINTY SHOE DEC,50.31,97
44242B,PINK FEATHERS CURTAIN,50.28,52
90024B,NEW BAROQUE B'FLY NECKLACE RED,50.28,6
90214D,"LETTER ""D"" BLING KEY RING",49.9,68
90214M,"LETTER ""M"" BLING KEY RING",49.82,60
90180B,PURPLE AMETHYST NECKLACE W TASSEL,49.81,5
23603,SET 10 CARD KRAFT REINDEER 17084,49.800000000000004,20
90079,VINTAGE ENAMEL & CRYSTAL NECKLACE,49.760000000000005,10
20667,CHERRY BLOSSOM PURSE,49.69,20
90142D,MOP PENDANT SHELL NECKLACE,49.64,10
90157,RIVIERA NECKLACE,49.59,10
21816,CHRISTMAS TREE T-LIGHT HOLDER,49.3,34
21089,SET/6 GREEN SPRING PAPER CUPS,48.99,233
90038B,GLASS AND PAINTED BEADS BRACELET OL,48.77,13
84497,BUTTONS AND STRIPES NOTEBOOK ,48.75,13
90002D,FLOWER BURST SILVER RING CRYSTAL,48.71,13
21720,CAKE SHOP  STICKER SHEET,48.449999999999996,57
DCGS0076,SUNJAR LED NIGHT NIGHT LIGHT,48.39,3
84559a,3D SHEET OF DOG STICKERS,48.379999999999995,29
84510E,SET OF 4 GREEN CAROUSEL COASTERS,48.29,34
90205C,LARGE CRYSTAL DIAMANTE HAIRSLIDE,48.209999999999994,29
84402B,PURPLE DRESS JEWELLERY STAND,48.19,61
90125B,AQUA BERTIE GLASS BEAD BAG CHARM,48.06,30
84927D,LA PALMIERA TILE HOOK,48.050000000000004,46
90036A,FLOWER GARLAND NECKLACE RED,47.7,6
90165B,WHITE ROSEBUD  PEARL EARRINGS,47.43,19
17084J,LOVE POTION MASALA INCENSE,47.25,225
84706F,RED PEONY TABLE CLOCK,47.2,16
84715,SET OF 6 ICE CREAM SKITTLES,47.2,16
90202D,PINK ENAMEL FLOWER HAIR TIE,46.760000000000005,16
90190A,SILVER/CRYSTAL DROP EARRINGS W LEAF,46.76,16
90202A,PURPLE ENAMEL FLOWER HAIR TIE,46.58,16
21392,RED POLKADOT PUDDING BOWL,46.39,34
84801B,WHITE HYDRANGEA ART FLOWER,46.2,22
90018C,SILVER BLACK ORBIT DROP EARRINGS,46.150000000000006,11
85031A,ROMANTIC IMAGES SCRAP BOOK SET,45.9,16
90012B,BLACK DROP CRYSTAL NECKLACE,45.35000000000001,13
90176D,DIAMANTE NECKLACE PURPLE,45.0,6
23625,SET 6 CARDS SPARKLY REINDEER 17262,44.910000000000004,9
90141B,IVORY PENDANT TRIPLE SHELL NECKLACE,44.86,9
85185D,FROG SOCK PUPPET,44.25000000000001,15
84086B,YELLOW/BLUE RETRO RADIO,44.25,15
20670,VIP HOLIDAY PURSE,44.04,14
47344B,BLUE FLOWER DES PURSE,43.66,44
79063C,"RETRO PILL BOX KEY CHAIN,THE KING",43.65,235
90056,CHUNKY CRACKED GLAZE NECKLACE IVORY,43.510000000000005,4
20698,LITTLE PINK MONSTER SOFT TOY,43.349999999999994,17
90014C,SILVER/BLACK ORBIT NECKLACE,43.199999999999996,5
37444C,PINK BREAKFAST CUP AND SAUCER ,43.050000000000004,23
23038,T-LIGHT HOLDER SILVER SAUCER,42.919999999999995,44
84539,KNITTED RABBIT DOLL ,42.9,26
84857B,BLUE MONTE CARLO HANDBAG,42.9,22
22987,WRAP SUMMER ROSE DESIGN,42.84,102
20818,GOLD TEDDY BEAR,42.7,15
16254,TRANSPARENT ACRYLIC TAPE DISPENSER,42.58,40
84922,PINK BUTTERFLY WASHBAG,42.29,9
90029,NEW BAROQUE SMALL NECKLACE BLACK,42.14,5
90024F,NEW BAROQUE B'FLY NECKLACE CRYSTAL,42.13,5
90185C,BLACK DIAMANTE EXPANDABLE RING,42.09,10
47570b,TEA TIME TABLE CLOTH,42.019999999999996,2
17084A,TRANQUILITY MASALA INCENSE,42.0,200
90050,CRACKED GLAZE NECKLACE IVORY,41.82,6
90120D,WHITE MURANO TWIST BRACELET,41.790000000000006,10
20666,ECONOMY HOLIDAY PURSE,41.53,30
15030,FAN BLACK FRAME ,41.47,143
72807c,SET/3 VANILLA SCENTED CANDLE IN BOX,41.449999999999996,5
90211B,JET BLACK LAS VEGAS NECKLACE 45CM,41.36,7
90039B,FIRE POLISHED GLASS BRACELET MONTAN,41.31,11
90003B,ROSE COLOUR PAIR HEART HAIR SLIDES,41.31,11
85089,CANDY SPOT BUNNY,41.300000000000004,14
90162C,ANT SILVER FUSCHIA BOUDICCA RING,41.300000000000004,14
84921,CREAM AND PINK FLOWERS PONY ,41.25,11
90064B,BLACK VINTAGE  CRYSTAL EARRINGS,41.25,11
23448,CREAM BUNNY EASTER EGG BASKET,41.24999999999999,25
75013B,"STRING OF 8 BUTTERFLIES,PINK",41.24999999999999,25
90067A,PINK VINTAGE VICTORIAN EARRINGS,41.150000000000006,14
90177B,DROP DIAMANTE EARRINGS BLACK DIAMON,41.010000000000005,14
90202C,GREEN ENAMEL FLOWER HAIR TIE,41.01,14
90130C,GREEN STONE/CRYSTAL EARRINGS,40.95,14
10120,DOGGY RUBBER,40.53,193
71495A,CD WALL TIDY BLUE OFFICE,40.379999999999995,103
90214G,"LETTER ""G"" BLING KEY RING",40.199999999999996,60
85092,CANDY SPOT TEA COSY,40.05,27
90187B,GREEN DROP EARRINGS W BEAD CLUSTER,40.03,12
90165A,PINK ROSEBUD PEARL EARRINGS,39.98,16
72369A,PINK CLEAR GLASS CANDLE PLATE,39.92,30
90135,ORANGE/WHT/FUSCHIA STONES NECKLACE,39.660000000000004,8
84725,FREESTYLE CANVAS ART PICTURE,39.65,41
84596f,SMALL MARSHMALLOWS PINK BOWL,39.36,16
21307,SET/4 BUTTERFLY MIRROR MAGNETS,39.199999999999996,79
35910A,MULTICOLOUR EASTER RABBIT ,39.0,20
47341A,FUSCHIA TABLE RUN FLOWER ,38.75,27
90064A,WHITE VINTAGE CRYSTAL EARRINGS,38.7,10
21393,BLUE POLKADOT PUDDING BOWL,38.67,29
47420,ASSORTED COLOUR SUCTION CUP HOOK,38.38,202
84559b,3D SHEET OF CAT STICKERS,38.33,23
84746,PINK EASTER HENS+FLOWER,38.31,14
84925D,LA PALMIERA WALL THERMOMETER,38.25,15
84617,NEW BAROQUE BLACK BOXES,38.25,3
90190B,GOLD/AMBER DROP EARRINGS W LEAF,38.18,13
81952B,ROUND BLUE CLOCK WITH SUCKER,38.0,200
84033,FLAG OF ST GEORGE ,37.95,23
84751B,BLACK MEDIUM GLASS CAKE STAND,37.9,18
84809B,PINK CHRYSANTHEMUMS ART FLOWER,37.800000000000004,18
90075,MONTANA DIAMOND CLUSTER NECKLACE,37.66,4
90199D,5 STRAND GLASS NECKLACE AMBER,37.620000000000005,6
90212B,JET BLACK LAS VEGAS BRACELET ROUND,37.62,10
72709,IVORY SCULPTED RND CANDLE ,37.4,44
35809a,ENAMEL PINK TEA CONTAINER,37.33,9
84509b,SET OF 4 FAIRY CAKE PLACEMATS,37.3,5
90074,BLACK DIAMOND CLUSTER NECKLACE,37.239999999999995,4
84522,PINK PARTY SUNGLASSES,36.76,20
90085,CRYSTAL STILETTO PHONE CHARM,36.76,34
90214H,"LETTER ""H"" BLING KEY RING",36.76,48
71510,SQUARE METAL CANDLEHOLDER BASE,36.519999999999996,52
35913B,WHITE/PINK CHICK EASTER DECORATION,36.33,37
84548,CROCHET BEAR RED/BLUE  KEYRING,36.3,22
17090D,VANILLA INCENSE 40 CONES IN TIN,36.25,29
84226,HEN HOUSE W FAMILY IN BARN & NEST,36.21,51
85216,ASSORTED CAKES FRIDGE MAGNETS,35.75,55
90094,NECKLACE+BRACELET SET FRUIT SALAD ,35.699999999999996,14
90179C,BLACK FINE BEAD NECKLACE W TASSEL,35.44,6
84247K,"FOLK ART GREETING CARD,pack/12",35.4,12
79063D,"RETRO PILL BOX , REVOLUTIONARY",35.33,190
90179A,AMBER FINE BEAD NECKLACE W TASSEL,35.31,6
90123D,WHITE HEART OF GLASS BRACELET,35.31,6
90011B,BLACK CRYSTAL DROP EARRINGS,35.27,12
90060F,FIRE POLISHED GLASS NECKL GREEN,35.160000000000004,6
90186A,AMETHYST HOOP EARRING FLORAL LEAF,35.11,12
90131,PINK/AMETHYST/GOLD NECKLACE,34.870000000000005,5
90168,2 DAISIES HAIR COMB,34.86,12
90049,IVORY GOLD METAL BAG CHARM,34.77,5
20827,GOLD APERITIF GLASS,34.32,88
79406,FROSTED WHITE BASE ,34.12,144
81950B,FLOWER BLUE CLOCK WITH SUCKER,33.93,117
84873A,FUNKY FLOWER PICNIC BAG FOR 4,33.9,2
90026C,GLASS BEAD HOOP NECKLACE GREEN,33.82,4
90024C,NEW BAROQUE B'FLY NECKLACE GREEN,33.81,4
17136A,BLUE STONES ON WIRE FOR CANDLE,33.75,404
90038C,GLASS AND BEADS BRACELET IVORY,33.69,9
72783,BLACK SIL'T SQU CANDLE PLATE ,33.6,16
90129D,AMBER GLASS TASSLE BAG CHARM,33.440000000000005,14
84575A,PINK DOG CANNISTER,33.35,13
37423,WHITE WITH BLACK CATS PLATE,33.18,78
72807b,SET/3 OCEAN SCENT CANDLE JEWEL BOX,33.16,4
90169,DAISY HAIR COMB,32.54,13
35610C,WHITE CHRISTMAS FLOCK DROPLET ,32.51,25
37468,HARDMAN MUG 3 ASSORTED,32.42,65
17109D,FLOWER FAIRY INCENSE BOUQUET,32.349999999999994,61
46138B,BLUE CHENILLE SHAGGY CUSHION COVER ,32.1,30
90202B,WHITE ENAMEL FLOWER HAIR TIE,31.949999999999996,11
84824,DANISH ROSE UMBRELLA STAND,31.9,2
90036B,"FLOWER GLASS GARLAND NECKL.36""GREEN",31.8,4
90059D,DIAMANTE HAIR GRIP PACK/2 PERIDOT,31.549999999999997,19
90059E,DIAMANTE HAIR GRIP PACK/2 RUBY,31.47,19
20878,SET/9 CHRISTMAS T-LIGHTS SCENTED ,31.25,25
23632,SET 10 CARDS CHEERFUL ROBIN 17065,31.200000000000003,15
44228,CANNABIS LEAF BEAD CURTAIN,30.599999999999998,36
85018D,YULETIDE IMAGES S/6 PAPER BOXES,30.599999999999998,12
37471,MULTICOLOUR POLKADOT PLATE,30.43,29
90176B,DIAMANTE NECKLACE BLACK ,30.12,4
35610B,BLACK CHRISTMAS FLOCK DROPLET ,30.0,24
90195B,BLACK GEMSTONE BRACELET,29.98,4
90176E,DIAMANTE NECKLACE GREEN,29.98,4
90039A,FIRE POLISHED GLASS BRACELET RED,29.96,8
21310,CAPIZ CHANDELIER,29.95,1
90122B,JADE CRYSTAL+GLASS BRACELET,29.93,6
90136,PALE PINK/AMETHYST STONE NECKLACE,29.849999999999998,3
84660a,WHITE STITCHED WALL CLOCK,29.84,4
90159,COTE D'AZURE NECKLACE,29.790000000000003,6
90120A,PINK MURANO TWIST BRACELET,29.73,7
90001D,ANTIQUE OLIVE GREEN FLOWER EARRINGS,29.73,7
21757,LIGHTHOUSE PRINTED METAL SIGN,29.700000000000003,6
21040,MODERN VINTAGE COTTON SHOPPING BAG,29.7,22
35816P,"ACRYLIC JEWEL ANGEL,PINK",29.64,78
90214I,"LETTER ""I"" BLING KEY RING",29.619999999999997,38
84706D,CHERRY BLOSSOM TABLE CLOCK ,29.599999999999998,8
90162D,ANT SILVER PURPLE BOUDICCA RING,29.500000000000004,10
84465,15 PINK FLUFFY CHICKS IN BOX,29.5,10
82605,OLD DOC RUSSEL METAL SIGN,29.400000000000002,14
84558a,3D DOG PICTURE PLAYING CARDS,29.310000000000002,5
85030,FRENCH CHATEAU OVAL PLATTER,29.25,15
90214N,"LETTER ""N"" BLING KEY RING",29.23,41
84199,GLOW IN DARK DOLPHINS,29.19,139
21011,GLITTER SNOW PEAR TREE DECORATION,28.999999999999996,20
46776f,WOVEN ROSE GARDEN CUSHION COVER ,28.91,7
90152A,SILVER/NAT SHELL NECKLACE W PENDANT,28.76,5
90093,CLEAR CRYSTAL STAR PHONE CHARM,28.569999999999997,52
90027D,GLASS BEAD HOOP EARRINGS AMETHYST,28.4,9
17165D,ASS COL LARGE SAND FROG P'WEIGHT,28.35,27
20857,BLUE ROSE PATCH PURSE PINK BUTTERFL,28.049999999999997,17
84798A,PINK FOXGLOVE ARTIIFCIAL FLOWER,28.049999999999997,11
90005A,JADE GREEN ENAMEL HAIR COMB,28.02,14
90214R,"LETTER ""R"" BLING KEY RING",28.009999999999998,41
84613A,PINK NEW BAROQUE FLOCK CANDLESTICK,27.900000000000002,6
79066k,RETRO MOD TRAY,27.77,17
79191D,RETRO PLASTIC DAISY TRAY,27.409999999999997,23
23637,SET 10 CARDS OUT OF ORDER 17216,27.39,11
23613,SET 10 XMAS CARDS & BADGES 17070,27.39,11
85017C,ENVELOPE 50 CURIOUS IMAGES,27.02,50
23702,High Resolution Image,27.0,4
84993a,75 GREEN PETIT FOUR CASES,26.56,32
35598A,DUSTY PINK CHRISTMAS TREE 60CM,26.550000000000004,9
84675,FROG KING WATERING CAN,26.55,9
21836,GINGHAM OVEN GLOVE RED HEART ,26.490000000000002,5
90212C,PURPLE LAS VEGAS BRACELET ROUND,26.25,7
23636,SET 10 CARDS WISHING TREE 17116,26.19,9
90183C,BLACK DROP EARRINGS W LONG BEADS,26.15,9
90026D,GLASS BEAD HOOP NECKLACE AMETHYST,25.5,3
84968B,SET OF 16 VINTAGE IVORY CUTLERY,25.5,2
72140E,BEST DAD CANDLE LETTERS,25.499999999999996,30
84968f,SET OF 16 VINTAGE SKY BLUE CUTLERY,25.49,1
35910B,PINK FLOWERS RABBIT EASTER,25.349999999999998,13
90026B,GLASS BEAD HOOP NECKLACE MONTANA,25.32,3
90037B,TINY CRYSTAL BRACELET GREEN,25.279999999999998,10
90013D,PURPLE VINTAGE EARRINGS,25.17,6
90188,DROP EARRINGS W FLOWER & LEAF,25.13,10
84596e,SMALL LICORICE DES PINK BOWL,25.099999999999998,10
90033,IVORY SHELL HEART EARRINGS,25.07,10
90016C,SILVER/BLACK PENDANT ORBIT NECKLACE,24.96,3
23620,SET 10 CARDS PERFECT POST 17090,24.900000000000002,10
15060b,FAIRY CAKE DESIGN UMBRELLA,24.869999999999997,3
85034a,3 GARDENIA MORRIS BOXED CANDLES,24.869999999999997,3
85115B,S/4 BLACK DISCO PARTITION PANEL,24.869999999999997,3
85132c,CHARLIE AND LOLA FIGURES TINS,24.869999999999997,3
90043,COPPER AND BRASS BAG CHARM,24.810000000000002,4
90059F,DIAMANTE HAIR GRIP PACK/2 LT ROSE,24.79,15
90214B,"LETTER ""B"" BLING KEY RING",24.77,37
90141E,ORANGE PENDANT TRIPLE SHELL NECKLAC,24.75,5
20778,GARDEN PATH NOTEBOOK ,24.75,15
20820,SILVER LOOKING MIRROR,24.75,5
20821,GOLDIE LOOKING MIRROR,24.75,5
84854,GIRLY PINK TOOL SET,24.75,5
84993B,75 BLACK PETIT FOUR CASES,24.36,58
84562A,PINK/WHITE RIBBED MELAMINE JUG,23.85,3
47503J,SET/3 FLORAL GARDEN TOOLS IN BAG,23.85,3
21357,TOAST ITS - DINOSAUR,23.75,19
84803B,WHITE ALLIUM  ARTIFICIAL FLOWER,23.66,14
35909B,PINK FLOWERS RABBIT EASTER,23.6,8
35909A,RABBIT EASTER DECORATION,23.6,8
90083,CRYSTAL CZECH CROSS PHONE CHARM,23.47,25
90177E,DROP DIAMANTE EARRINGS GREEN,23.38,8
90176C,DIAMANTE NECKLACE,23.32,3
23623,SET 10 CARD CHRISTMAS WELCOME 17112,23.28,8
90182C,BLACK 3 BEAD DROP EARRINGS,23.259999999999998,8
90182A,AMBER 3 BEAD DROP EARRINGS,23.2,8
90177A,CLASSIC DIAMANTE EARRINGS JET,23.2,8
90104,PURPLE FRANGIPANI HAIRCLIP,23.16,28
85195,HANGING HEART BASKET,23.1,11
85206B,PINK FELT EASTER EGG BASKET,23.099999999999998,14
22351,DOTCOMGIFTSHOP TEA TOWEL,23.089999999999996,13
90214Y,"LETTER ""Y"" BLING KEY RING",22.839999999999996,66
90054,CRACKED GLAZE EARRINGS RED,22.58,9
90039C,FIRE POLISHED GLASS BRACELET BLACK,22.48,6
23640,SET 10 CARDS SCOTTIE DOG 17211,22.410000000000004,9
23645,SET 10 CHRISTMAS CARDS HOHOHO 16956,22.410000000000004,9
21018,BIRD BOX CHRISTMAS TREE DECORATION,22.06,24
21461,BLUE EASTER EGG HUNT START POST,21.91,9
90076,MONTANA DIAMOND CLUSTER EARRINGS,21.57,8
90035C,"PEARL & SHELL 42""NECKL. IVORY",21.5,2
84387A,BIRD ON BRANCH CANVAS SCREEN,21.45,11
84551,CROCHET DOG KEYRING,21.449999999999996,13
20695,FLORAL BLUE MONSTER,21.25,5
90001B,ANTIQUE MID BLUE FLOWER EARRINGS,21.15,5
90001C,ANTIQUE OPAL WHITE FLOWER EARRINGS,21.130000000000003,5
90125E,AMBER BERTIE GLASS BEAD BAG CHARM,21.05,11
23692,WRAP A PRETTY THANK YOU,21.0,50
16169P,WRAP GREEN RUSSIAN FOLKART ,21.0,50
90001A,ANTIQUE RASPBERRY FLOWER EARRINGS,20.950000000000003,5
17001,HEAVENS SCENT FRAGRANCE OILS ASSTD,20.88,72
47518f,ICON PLACEMAT POP ART ELVIS,20.73,5
46776a,WOVEN BUBBLE GUM CUSHION COVER,20.65,5
85126,LARGE ROUND CUTGLASS CANDLESTICK,20.39,1
90141D,ROSE PENDANT TRIPLE SHELL NECKLACE,20.36,4
20793,BLUE TILED TRAY,20.25,3
90214P,"LETTER ""P"" BLING KEY RING",20.229999999999997,39
90034,WHITE SILVER NECKLACE SHELL GLASS,20.17,2
84415B,BLUE FLOCK CUSHION COVER ,20.0,8
23601,SET 10 CARDS SNOWY SNOWDROPS  17100,19.92,8
23646,SET 10 CARDS JINGLE BELLS 16957,19.92,8
23616,SET 10 CARDS JINGLE BELLS 17217,19.92,8
21681,GIANT MEDINA STAMPED METAL BOWL ,19.9,2
35817P,"ACRYLIC JEWEL SNOWFLAKE,PINK",19.86,18
37491A,YELLOW/PINK CERAMIC CANDLE HOLDER,19.81,6
90156,RESIN BRACELET W PASTEL BEADS,19.8,4
37487B,YELLOW/ORANGE FLOWER DESIGN PLATE,19.72,68
85028L,FRENCH CHATEAU LARGE FRUIT BOWL ,19.5,10
79062D,"RETRO TIN ASHTRAY,REVOLUTIONARY",19.4,52
21538,DAIRY MAID  PUDDING BOWL,18.75,5
21416,CLAM SHELL LARGE,18.75,5
44092C,PURPLE/COPPER HANGING LAMPSHADE,18.7,22
90041,PEARL AND CHERRY QUARTZ BRACLET,18.27,5
35607B,BLACK FEATHER CHRISTMAS DECORATION,18.240000000000002,96
72821,CUPID SCENTED CANDLE IN GLASS,18.15,11
85024C,PINK SMALL JEWELLED PHOTOFRAME,18.15,11
21661,VINTAGE GLASS TEA CADDY,17.85,3
90060D,FIRE POLISHED GLASS NECKL BRONZE,17.85,3
84798B,PURPLE FOXGLOVE ARTIIFCIAL FLOWER,17.849999999999998,7
84856L,LARGE TAHITI BEACH BAG,17.82,2
90162A,ANT SILVER TURQUOISE BOUDICCA RING,17.700000000000003,6
20935,ROUND CACTUS CANDLE,17.700000000000003,6
90027A,GLASS BEAD HOOP EARRINGS BLACK,17.66,6
90179B,PURPLE FINE BEAD NECKLACE W TASSEL,17.59,3
84596b,SMALL DOLLY MIX DESIGN ORANGE BOWL,17.57,7
90011A,MIDNIGHT BLUE CRYSTAL DROP EARRINGS,17.509999999999998,6
79331,PINK FLOCK GLASS CANDLEHOLDER,17.5,26
90130A,WHITE STONE/CRYSTAL EARRINGS,17.5,6
35597D,PINK/WHITE CHRISTMAS TREE 30CM,17.48,46
23627,SET 10 CARDS XMAS GRAPHIC  17218,17.43,7
37489D,PINK/GREEN FLOWER DESIGN BIG MUG,17.16,40
90026A,GLASS BEAD HOOP NECKLACE BLACK,17.0,2
47574B,ENGLISH ROSE SCENTED HANGING HEART,17.0,4
85084,HOLLY TOP CHRISTMAS STOCKING,17.0,20
35645,VINTAGE BEAD PINK JEWEL BOX,17.0,4
21120,*Boombox Ipod Classic,16.98,1
85035a,GARDENIA 3 WICK MORRIS BOXED CANDLE,16.94,2
20954,*USB Office Mirror Ball,16.94,2
21595,Dad's Cab Electronic Meter,16.94,2
90024D,NEW BAROQUE B'FLY NECKLACE PINK,16.82,2
90024E,NEW BAROQUE B'FLY NECKLACE MONTANA,16.810000000000002,2
37489B,BLUE/YELLOW FLOWER DESIGN BIG MUG,16.77,31
23644,SET 10 CARDS CHRISTMAS TREE 16955,16.65,5
84031b,CHARLIE LOLA BLUE HOT WATER BOTTLE ,16.63,1
DCGS0004,HAYNES CAMPER SHOULDER BAG,16.63,1
84031a,CHARLIE+LOLA RED HOT WATER BOTTLE ,16.63,1
90059B,DIAMANTE HAIR GRIP PACK/2 BLACK DIA,16.619999999999997,10
85036a,GARDENIA 1 WICK MORRIS BOXED CANDLE,16.58,2
90137,PINK COMBO MINI CRYSTALS NECKLACE,16.310000000000002,3
16248B,BLUE HOLE PUNCH,16.25,13
35647,VINTAGE BEAD PINK SHADE ,16.25,13
90089,PINK CRYSTAL SKULL PHONE CHARM,16.22,32
85160a,WHITE BIRD GARDEN DESIGN MUG,16.13,1
90214V,"LETTER ""V"" BLING KEY RING",15.979999999999999,26
85136B,BLUE SHARK HELICOPTER,15.9,2
84795C,OCEAN STRIPE HAMMOCK ,15.9,2
DCGS0069,OOH LA LA DOGS COLLAR,15.79,1
20816,GOLD FLOWER CUSHION COVER ,15.6,8
78034B,BLUE NETTING STORAGE HANGER,15.6,8
90214F,"LETTER ""F"" BLING KEY RING",15.429999999999998,27
84989A,75 GREEN FAIRY CAKE CASES,15.400000000000002,28
90132,LIGHT TOPAZ TEAL/AQUA COL NECKLACE,15.16,3
72024U,LILAC VOTIVE CANDLE,15.120000000000001,72
90140,PINK SWEETIE NECKLACE,15.120000000000001,2
84660b,BLACK STITCHED WALL CLOCK,15.08,2
35610A,PINK CHRISTMAS FLOCK DROPLET ,15.02,10
90069,RUBY GLASS CLUSTER NECKLACE,15.0,2
90189A,SILVER 2 STRAND NECKLACE-LEAF CHARM,15.0,2
84462,3 PINK HEN+CHICKS IN BASKET,15.0,12
23449,SET OF 6 EASTER RAINBOW CHICKS,15.0,12
84705C,PINK FLOCK PHOTO FRAME ,15.0,12
84415A,PINK FLOCK SUEDE CUSHION COVER ,15.0,12
90078,PINK/WHITE GLASS DEMI CHOKER,15.0,2
17191A,ROSE FLOWER CANDLE+INCENSE 16X16CM,15.0,4
90176A,CLASSIC DIAMANTE NECKLACE JET,14.98,2
90025F,BAROQUE BUTTERFLY EARRINGS CRYSTAL,14.96,4
23621,SET 10 CARDS DAVID'S MADONNA 17074,14.940000000000001,6
84509g,SET OF 4 FAIRY CAKE PLACEMATS ,14.92,2
90059C,DIAMANTE HAIR GRIP PACK/2 MONTANA,14.89,9
85031C,CURIOUS IMAGES SCRAP BOOK SET,14.850000000000001,3
90046,WHITE WITH METAL BAG CHARM,14.850000000000001,3
90048,GREEN WITH METAL BAG CHARM,14.850000000000001,3
84856S,SMALL TAHITI BEACH BAG,14.790000000000001,3
84593,CROCHET ROSE DES CLOTHES HANGER,14.750000000000002,5
23634,SET 10 CARDS XMAS CHOIR 17068,14.55,5
90027C,GLASS BEAD HOOP EARRINGS GREEN,14.5,5
90182B,AMETHYST 3 BEAD DROP EARRINGS,14.5,5
16202B,PASTEL BLUE PHOTO ALBUM ,14.5,29
37489A,YELLOW/PINK FLOWER DESIGN BIG MUG,14.43,33
47593A,CAROUSEL PONIES BABY BIB,14.37,33
90052,CRACKED GLAZE NECKLACE BROWN,14.14,2
79336,LIGHT PINK FLOCK GLASS CANDLEHOLDER,13.680000000000003,36
37489C,GREEN/BLUE FLOWER DESIGN BIG MUG,13.65,23
85017A,ENVELOPE 50 ROMANTIC IMAGES,13.58,16
90065B,BLACK VINT ART DEC CRYSTAL BRACELET,13.5,2
90214T,"LETTER ""T"" BLING KEY RING",13.459999999999999,24
84745B,BLUE HANGING GINGHAM EASTER HEN,13.44,32
84745A,PINK HANGING GINGHAM EASTER HEN,13.44,32
23639,SET 10 CARDS MAGICAL TREE 17086,13.32,4
23607,SET 10 CARDS HATS & STOCKINGS 17081,13.28,8
62043B,BLUE CHECK BAG W HANDLE 34X20CM,13.28,16
37491C,GREEN/BLUE CERAMIC CANDLE HOLDER,13.2,8
84388,WISE MAN STAR SHAPE EGG PAN,13.14,24
37462E,"PET MUG, GOLDFISH",13.1,36
16162L,THE KING GIFT BAG,13.0,20
18097A,PINK TALL PORCELAIN T-LIGHT HOLDER ,12.75,5
DCGS0070,CAMOUFLAGE DOG COLLAR,12.72,1
21895,POTTING SHED SOW 'N' GROW SET,12.72,2
90042C,FRESHWATER PEARL BRACELET IVORY,12.7,5
90055,CRACKED GLAZE EARRINGS BROWN,12.53,5
90037C,TINY CRYSTAL BRACELET BLUE,12.52,5
20671,BLUE TEATIME PRINT BOWL ,12.5,10
23635,SET 10 CARDS CHRISTMAS HOLLY  17259,12.48,3
90020,FILIGREE DIAMANTE CHAIN,12.48,1
23654,SET 10 CARD SNOWMAN 16965,12.450000000000001,5
82613c,"METAL SIGN,CUPCAKE SINGLE HOOK",12.399999999999999,5
21144,PINK POODLE HANGING DECORATION ,12.239999999999998,-7
79329,PINK FLOCK GLASS CANDLEHOLDER,12.18,12
17164B,ASS COL SMALL SAND GECKO P'WEIGHT,12.18,29
84016,FLAG OF ST GEORGE CAR FLAG,12.16,27
90178B,PURPLE CHUNKY GLASS+BEAD NECKLACE,11.95,1
90021,LASER CUT MULTI STRAND NECKLACE,11.95,1
84620,BLUE GINGHAM ROSE CUSHION COVER,11.9,2
84614A,PINK BAROQUE FLOCK CANDLE HOLDER,11.9,2
44092B,BLUE WHITE PLASTIC RINGS LAMPSHADE,11.899999999999999,14
90214Z,"LETTER ""Z"" BLING KEY RING",11.84,22
37444B,BLUE BREAKFAST CUP AND SAUCER ,11.8,4
35818B,"ACRYLIC JEWEL ICICLE, BLUE",11.780000000000001,31
16162M,THE KING GIFT BAG 25x24x12cm,11.76,28
16043,POP ART PUSH DOWN RUBBER ,11.759999999999998,98
23605,SET 10 CARDS 12 DAYS OF XMAS 17059,11.64,4
23608,SET 10 CARDS RUDOLPHS NOSE 17097,11.64,4
85184c,SET 4 VALENTINE DECOUPAGE HEART BOX,11.58,2
72798C,SET/4 GARDEN ROSE DINNER CANDLE,11.549999999999999,7
71050,SMALL SINGLE FLAME CANDLE HOLDER,11.549999999999999,33
47013C,WINE BOTTLE DRESSING DARK BLUE,11.53,40
90152B,BLUE/GREEN SHELL NECKLACE W PENDANT,11.46,2
90025D,BAROQUE BUTTERFLY EARRINGS PINK,11.19,3
84536a,ENGLISH ROSE NOTEBOOK A7 SIZE,11.060000000000002,14
37488A,YELLOW PINK FLOWER DESIGN BIG BOWL,10.92,28
79026B,"S/4 ICON COASTER,ELVIS LIVES",10.61,25
16161M,WRAP  PINK FLOCK,10.5,25
16169N,WRAP BLUE RUSSIAN FOLKART,10.5,25
35966,FOLKART CHRISTMAS TREE T-LIGHT HOLD,10.260000000000002,27
85109,PINK BOUDOIR T-LIGHT HOLDER,10.2,12
35958,FOLKART ZINC STAR CHRISTMAS DEC,10.2,12
40005B,BLUE ORGANDY ROUND LAMPSHADE W BEA,10.2,12
44089C,LILAC GAUZE BUTTERFLY LAMPSHADE,10.08,24
90053,CRACKED GLAZE EARRINGS IVORY,9.99,4
23619,SET 10 CARDS POINSETTIA 17093,9.96,4
23624,SET 10 CARD PERFECT NATIVITY 17089,9.96,4
23615,SET 10 CARDS PRINTED GRAPHIC 17219,9.96,4
23650,SET 10 CARDS FILIGREE BAUBLE 16961,9.96,4
84689,S/2 BEACH HUT TREASURE CHESTS,9.95,3
37474,SET/4 2 TONE EGG SHAPE MIXING BOWLS,9.95,1
82613b,"METAL SIGN,CUPCAKE SINGLE HOOK",9.94,4
DCGS0003,BOXED GLASS ASHTRAY,9.94,4
37491D,PURPLE/BLUE CERAMIC CANDLE HOLDER,9.879999999999999,4
85231g,ORANGE SCENTED SET/9 T-LIGHTS,9.78,6
44242A,LILAC FEATHERS CURTAIN,9.48,12
23441,HAND PAINTED HANGING EASTER EGG,9.24,22
35809B,ENAMEL BLUE RIM TEA CONTAINER,9.18,8
90184c,BLACK CHUNKY BEAD BRACELET W STRAP,9.15,1
90181C,BLACK GLASS/SHELL/PEARL NECKLACE,9.15,1
37351,ORANGE FLOWER MUG ,9.06,10
81950V,FLOWER PURPLE CLOCK W/SUCKER,8.889999999999999,21
20906,VINTAGE NOTEBOOK BEAUTY GIRL,8.850000000000001,3
84773,RED ROSE AND LACE C/COVER,8.850000000000001,3
45013,FOLDING SHOE TIDY,8.850000000000001,3
90077,BLACK DIAMOND CLUSTER EARRINGS,8.82,3
90011D,PURPLE CRYSTAL DROP EARRINGS,8.76,3
90027B,GLASS BEAD HOOP EARRINGS MONTANA,8.76,3
90011E,AMBER CRYSTAL DROP EARRINGS,8.76,3
16206B,RED PURSE WITH PINK HEART,8.75,7
90130D,RED STONE/CRYSTAL EARRINGS,8.7,3
84732B,CUTE BIRD CEATURE SCREEN,8.58,22
90102,WHITE FRANGIPANI HAIR CLIP,8.5,10
44265,M/COLOUR POM-POM CURTAIN,8.5,2
90167,BEADED LOVE HEART JEWELLERY SET,8.5,10
72803b,OCEAN SCENT CANDLE JEWELLED DRAWER,8.47,1
21410,COUNTRY COTTAGE  DOORSTOP GREEN,8.47,1
85035c,ROSE 3 WICK MORRIS BOX CANDLE,8.47,1
85035b,CHOCOLATE 3 WICK MORRIS BOX CANDLE,8.47,1
85036b,CHOCOLATE 1 WICK MORRIS BOX CANDLE,8.47,1
84975,HEART SHAPED MIRROR,8.45,5
20871,OPULENT VELVET SET/3 CANDLES,8.42,2
21594,Dr. Jam's Arouzer Stress Ball,8.34,2
23612,SET 10 MINICARDS CUTE SNOWMAN 17071,8.299999999999999,5
72802c,VANILLA SCENT CANDLE JEWELLED BOX,8.29,1
85034b,3 WHITE CHOC MORRIS BOXED CANDLES,8.29,1
84924F,PSYCHEDELIC METAL SIGN CALENDAR,7.9,10
16244B,MAXWELL 2 TONE BLUE 60 PAGE PHOTO A,7.85,7
35607A,PINK FLUFFY CHRISTMAS DECORATION,7.82,26
85189,HANGING BUTTERFLY  EGG,7.6499999999999995,9
90042A,FRESHWATER PEARL BRACELET GOLD,7.6499999999999995,3
79149B,SILICON STAR BULB  BLUE,7.56,18
90025A,BAROQUE BUTTERFLY EARRINGS BLACK,7.5,2
21827,EIGHT PIECE CREEPY CRAWLIE SET,7.5,6
85160A,WHITE BIRD GARDEN DESIGN MUG,7.5,6
90068,"RUBY GLASS NECKLACE 42""",7.5,1
37379A,PINK CHERRY BLOSSOM CUP & SAUCER,7.5,6
23633,SET 10 CARDS WORLD CHILDREN 17067,7.470000000000001,3
62097B,BLUE STRIPES SHOULDER BAG,7.469999999999999,9
90128A,PINK LEAVES AND BEADS PHONE CHARM,7.43,3
84596g,SMALL CHOCOLATES PINK BOWL,7.38,3
71496B,A4 WALL TIDY RED FLOWERS,7.37,13
10124G,ARMY CAMO BOOKCOVER TAPE,7.14,17
90214W,"LETTER ""W"" BLING KEY RING",6.819999999999999,16
90214O,"LETTER ""O"" BLING KEY RING",6.819999999999999,16
35443,RASTA IN BATH W SPLIFF ASHTRAY,6.8,8
84802B,PURPLE ANEMONE ARTIFICIAL FLOWER,6.76,4
35833G,4 GOLD FLOCK CHRISTMAS BALLS,6.72,2
21186,WHITE DOVE HONEYCOMB PAPER GARLAND,6.72,2
62074B,ELEPHANT CLIP W SUCTION CUP,6.72,16
10124A,SPOTS ON RED BOOKCOVER TAPE,6.72,16
23604,SET 10 MINI SANTA & SNOWMAN  17087,6.64,4
20678,LARGE BLACK DIAMANTE HAIRSLIDE,6.6,4
37491B,BLUE/YELLOW CERAMIC CANDLE HOLDER,6.6,4
90126C,AMBER BERTIE MOBILE PHONE CHARM,6.58,2
85224,ASSORTED COLOUR SILK GLASSES CASE,6.300000000000001,3
44089A,PINK GAUZE BUTTERFLY LAMPSHADE,6.3,15
21228,"POCKET MIRROR ""GLAMOROUS""",6.25,5
85225,BLING KEY RING STAND,6.25,6
35591T,TURQUOISE CHRISTMAS TREE ,6.25,5
23610,SET 10 CARDS CHRISTMAS ROBIN 17095,6.24,3
90152C,BLUE/NAT SHELL NECKLACE W PENDANT,5.95,1
90060B,FIRE POLISHED GLASS NECKL GOLD,5.95,1
84499,BLACK FLOWER CANDLE PLATE,5.949999999999999,7
35598C,WHITE CHRISTMAS TREE 60CM,5.9,2
79161A,ST GEORGE SET OF 10 PARTY LIGHTS,5.9,2
23638,SET 10 CARDS ROBIN WATERPUMP  17096,5.82,2
23617,SET 10 CARDS SWIRLY XMAS TREE 17104,5.82,2
23652,SET 10 CARD CHRISTMAS STAMPS 16963,5.82,2
90067B,BROWN VINTAGE VICTORIAN EARRINGS,5.8,2
90011C,GREEN CRYSTAL DROP EARRINGS,5.8,2
35004P,SET OF 3 PINK FLYING DUCKS,5.45,1
21839,MUMMY MOUSE RED GINGHAM RIBBON,5.45,1
81953P,ROUND ARTICULATED PINK CLOCK W/SUCK,5.32,28
20964,POLYESTER FILLER PAD 60x40cm,5.1,2
37509,NEW ENGLAND MUG W GIFT BOX,5.1,2
90142A,GREEN PENDANT SHELL NECKLACE,5.09,1
84803A,PINK ALLIUM  ARTIFICIAL FLOWER,5.07,3
90135A,ORANGE/FUSCHIA STONES NECKLACE,4.98,1
23649,SET 10 CARDS DECK THE HALLS 16960,4.98,2
47593b,SCOTTIE DOGS BABY BIB,4.9799999999999995,6
90128C,GREEN LEAVES AND BEADS PHONE CHARM,4.97,2
90128D,PURPLE LEAVES AND BEADS PHONE CHAR,4.97,2
84661b,BLACK SQUARE TABLE CLOCK,4.96,1
84661a,WHITE SQUARE TABLE CLOCK,4.96,1
90081B,LILY BROOCH WHITE/SILVER COLOUR,4.95,1
35650,VINTAGE BEAD PINK JEWEL STAND,4.95,1
85031B,BLOSSOM IMAGES SCRAP BOOK SET,4.95,1
84971l,LARGE HEART FLOWERS HOOK   ,4.92,2
85231b,CINAMMON SET OF 9 T-LIGHTS,4.92,3
85049b,LUSH GREENS RIBBONS,4.92,2
90127A,PINK BEADS+HAND PHONE CHARM,4.92,2
85049d,BRIGHT BLUES RIBBONS ,4.92,2
84613C,BLUE NEW BAROQUE FLOCK CANDLESTICK,4.65,1
71215,METAL BASE FOR CANDLES,4.62,11
79151B,"SILICON CUBE 25W, BLUE",4.62,11
84206A,3 BLACK CATS W HEARTS BLANK CARD,4.5600000000000005,24
84732D,CUTE RABBIT CEATURE SCREEN ,4.29,11
22218,CAKE STAND LACE WHITE,4.25,1
79157V,UBO-LIGHT TRIOBASE PURPLE,4.25,5
20861,GOLD COSMETIC BAG PINK STAR,4.2,2
47016,LIGHT DECORATION BATTERY OPERATED,4.2,2
22206,"MUG , DOTCOMGIFTSHOP.COM ",4.17,5
46776b,WOVEN BERRIES CUSHION COVER ,4.13,1
46776e,WOVEN CANDY CUSHION COVER ,4.13,1
47591b,SCOTTIES CHILDRENS APRON,4.13,1
84536b,FAIRY CAKES NOTEBOOK A7 SIZE,4.050000000000001,5
17174,ASSTD RASTA KEY-CHAINS,3.7800000000000002,9
44091A,BLUE CRUSOE CHECK LAMPSHADE,3.78,9
90128B,BLUE LEAVES AND BEADS PHONE CHARM,3.76,2
79192A,RETRO PLASTIC 70'S TRAY,3.75,3
37464,ROBOT MUG IN DISPLAY BOX,3.75,3
90025B,BAROQUE BUTTERFLY EARRINGS RED,3.73,1
90025E,BAROQUE BUTTERFLY EARRINGS MONTANA,3.73,1
35271S,GOLD PRINT PAPER BAG,3.6100000000000003,19
16010,FOLDING CAMPING SCISSOR W/KNIF & S,3.5999999999999996,30
84270,ASSTD DESIGN BUBBLE GUM RING,3.5700000000000003,17
16202A,PASTEL PINK PHOTO ALBUM ,3.5,7
90214U,"LETTER ""U"" BLING KEY RING",3.4799999999999995,12
79157B,UBO-LIGHT TRIOBASE BLUE,3.4,4
84802A,WHITE ANEMONE ARTIFICIAL FLOWER,3.38,2
21160,KEEP OUT GIRLS DOOR HANGER ,3.36,1
85119,WATERING CAN SINGLE HOOK PISTACHIO,3.36,1
22528,GARDENERS KNEELING PAD,3.36,1
90126A,PINK BERTIE MOBILE PHONE CHARM,3.36,1
23643,SET 10 CARDS CHRISTMAS BAUBLE 16954,3.33,1
84534b,FAIRY CAKE NOTEBOOK A5 SIZE,3.32,2
90187A,BLUE DROP EARRINGS W BEAD CLUSTER,3.32,1
10123C,HEARTS WRAPPING TAPE ,3.25,5
47013A,WINE BOTTLE DRESSING LT.BLUE,3.0399999999999996,14
23609,SET 10 CARDS SNOWY ROBIN 17099,2.91,1
23602,SET 10 CARDS 3 WISE MEN 17107,2.91,1
23628,SET 10 CARDS TRIANGLE ICONS  17220,2.91,1
90183c,BLACK DROP EARRINGS W LONG BEADS,2.9,1
m,Manual,2.55,1
90100,NECKLACE+BRACELET SET PINK DAISY,2.55,1
17028J,INCENSE BAZAAR PEACH,2.52,6
35609A,PINK FEATHER CHRISTMAS DECORATION,2.51,1
62096B,PURPLE/TURQ FLOWERS HANDBAG,2.5,2
23630,SET 10 CARDS HANGING BAUBLES 17080,2.49,1
90037A,TINY CRYSTAL BRACELET RED,2.48,1
84201B,HAPPY BIRTHDAY CARD STRIPEY TEDDY,2.47,13
84510e,SET OF 4 GREEN CAROUSEL COASTERS,2.46,1
82613a,"METAL SIGN,CUPCAKE SINGLE HOOK",2.46,1
84596l,BISCUITS SMALL BOWL LIGHT BLUE,2.46,1
85179a,GREEN BITTY LIGHT CHAIN,2.46,1
85049c,ROMANTIC PINKS RIBBONS ,2.46,1
37330,BIG POLKADOT MUG,2.34,6
46115B,GREEN POP ART MAO CUSHION COVER ,2.2800000000000002,12
77079,DOLPHIN WINDMILL,2.12,1
85170A,SET/6 IVORY BIRD T-LIGHT CANDLES,2.1,1
90112,PINK DOLLY HAIR CLIPS,2.1,2
20860,GOLD COSMETICS BAG WITH BUTTERFLY,2.1,1
21414,SCALLOP SHELL SOAP DISH,2.1,1
47579,TEA TIME BREAKFAST BASKET,2.1,1
81953B,ROUND BLUE CLOCK WITH SUCKER,2.09,11
84731,3 BIRDS CANVAS SCREEN,2.04,2
16202E,BLACK PHOTO ALBUM ,1.9500000000000002,14
21491,SET OF THREE VINTAGE GIFT WRAPS,1.95,1
22323,PINK POLKADOT KIDS BAG,1.95,1
22146,EASTER CRAFT IVY WREATH WITH CHICK,1.95,1
90092,BLUE CRYSTAL BOOT PHONE CHARM,1.66,1
84550,CROCHET LILAC/RED BEAR KEYRING,1.65,1
23664,FLOWER SHOP DESIGN MUG,1.65,1
84206C,CHAMPAGNE TRAY BLANK CARD,1.52,8
35597A,DUSTY PINK CHRISTMAS TREE 30CM,1.25,1
84569C,PACK 4 FLOWER/BUTTERFLY PATCHES,1.25,1
37461,FUNKY MONKEY MUG,1.25,1
35597B,BLACKCHRISTMAS TREE 30CM,1.25,1
84743C,ORANGE FELT VASE + FLOWERS,1.25,1
84977,WIRE FLOWER T-LIGHT HOLDER,1.25,1
21009,ETCHED GLASS STAR TREE DECORATION,1.25,1
84990,60 GOLD AND SILVER FAIRY CAKE CASES,1.1,2
72815,3 WICK CHRISTMAS BRIAR CANDLE ,0.9700000000000006,-1
84206B,CAT WITH SUNGLASSES BLANK CARD,0.95,5
84201C,HAPPY BIRTHDAY CARD TEDDY/CAKE,0.95,5
90084,PINK CRYSTAL GUITAR PHONE CHARM,0.85,1
21268,VINTAGE BLUE TINSEL REEL,0.84,2
51014c,"FEATHER PEN,COAL BLACK",0.83,1
85047,WHITE BEADED GARLAND STRING 20LIGHT,0.7999999999999998,0
84227,HEN HOUSE W CHICK IN NEST,0.42,1
PADS,PADS TO MATCH ALL CUSHIONS,0.003,3
21667,GLASS CAKE COVER AND PLATE,0.0,0
79323B,BLACK CHERRY LIGHTS,0.0,0
23843,"PAPER CRAFT , LITTLE BIRDIE",0.0,0
21655,HANGING RIDGE GLASS T-LIGHT HOLDER,0.0,0
22034,ROBIN CHRISTMAS CARD,-0.020000000000000462,-2
20957,PORCELAIN HANGING BELL SMALL,-1.45,-1
21412,VINTAGE GOLD TINSEL REEL,-2.52,-6
85023C,PINK LARGE JEWELED PHOTOFRAME,-2.55,-1
35832,WOOLLY HAT SOCK GLOVE ADVENT STRING,-2.95,-1
85098B,BLUE FLYING SINGING CANARY,-3.75,-1
79320,FLAMINGO LIGHTS,-4.95,-1
84839,SWEETHEART KEY CABINET,-5.55,-1
84750A,PINK SMALL GLASS CAKE STAND,-5.85,-3
85068,CREAM SWEETHEART SHELF + HOOKS,-7.95,-1
37503,TEA TIME CAKE STAND IN GIFT BOX,-10.75,-1
85065,CREAM SWEETHEART TRAYS,-12.75,-1
85042,ANTIQUE LILY FAIRY LIGHTS,-14.850000000000001,-3
20703,BLUE PADDED SOFT MOBILE,-25.5,-6
79323P,PINK CHERRY LIGHTS,-27.0,-4
21645,ASSORTED TUTTI FRUTTI ROUND BOX,-39.599999999999994,-24
35400,WOODEN BOX ADVENT CALENDAR ,-45.7,-6
85063,CREAM SWEETHEART MAGAZINE RACK,-46.849999999999994,-3
79323W,WHITE CHERRY LIGHTS,-54.0,-8
S,SAMPLES,-3049.39,-59
D,Discount,-5696.22,-1194
BANK CHARGES,Bank Charges,-7175.639,-13
CRUK,CRUK Commission,-7933.43,-16
AMAZONFEE,AMAZON FEE,-221520.5,-30
